zone,year,population,water_supply_mgd,water_demand_mgd,groundwater_extraction_mgd,groundwater_recharge_mgd,energy_consumption_mu,solar_capacity_mw,renewable_share_percent,waste_generated_tpd,waste_processed_tpd,landfill_dependency_percent,green_space_sqkm,tree_cover_percent,built_up_density_percent,ghg_emissions_mtco2,transport_emissions_mtco2,waste_emissions_mtco2,sustainability_score
North,1800,300000,15.0,15.5,1.5,1.0,180.0,1.0,0.2,60.0,3.6,92.0,1.0,3.5,20.0,0.5,0.06,0.041,42.13
North,1801,300000,15.0,15.5,1.5,1.0,180.0,1.0,0.2,60.0,3.6,92.0,1.0,3.5,20.0,0.5,0.06,0.043,42.13
North,1802,300000,15.0,15.5,1.5,1.0,180.0,1.0,0.2,60.0,3.6,92.0,1.0,3.5,20.0,0.5,0.06,0.044,42.13
North,1803,300000,15.0,15.5,1.5,1.0,180.0,1.0,0.2,60.0,3.6,92.0,1.0,3.5,20.0,0.5,0.06,0.046,42.13
North,1804,300000,15.0,15.5,1.5,1.0,180.0,1.0,0.2,60.0,3.6,92.0,1.0,3.5,20.0,0.5,0.06,0.048,42.13
North,1805,300000,15.0,15.5,1.5,1.0,180.0,1.0,0.2,60.0,3.6,92.0,1.0,3.5,20.0,0.5,0.06,0.05,42.13
North,1806,300000,15.0,15.5,1.5,1.0,180.0,1.0,0.2,60.0,3.6,92.0,1.0,3.5,20.0,0.5,0.06,0.051,42.13
North,1807,300000,15.0,15.5,1.5,1.0,180.0,1.0,0.2,60.0,3.6,92.0,1.0,3.5,20.0,0.5,0.06,0.053,42.13
North,1808,300000,15.0,15.5,1.5,1.0,180.0,1.0,0.2,60.0,3.6,92.0,1.0,3.5,20.0,0.5,0.06,0.055,42.13
North,1809,300000,15.0,15.5,1.5,1.0,180.0,1.0,0.2,60.0,3.6,92.0,1.0,3.5,20.0,0.5,0.06,0.057,42.13
North,1810,300000,15.0,15.5,1.5,1.0,180.0,1.0,0.2,60.0,3.6,92.0,1.0,3.5,20.0,0.5,0.06,0.058,42.13
North,1811,300000,15.0,15.5,1.5,1.0,180.0,1.0,0.2,60.0,3.6,92.0,1.0,3.5,20.0,0.5,0.06,0.06,42.13
North,1812,300000,15.0,15.5,1.5,1.0,180.0,1.0,0.2,60.0,3.6,92.0,1.0,3.5,20.0,0.5,0.06,0.062,42.13
North,1813,300000,15.0,15.5,1.5,1.0,180.0,1.0,0.2,60.0,3.6,92.0,1.0,3.5,20.0,0.5,0.06,0.064,42.13
North,1814,300000,15.0,15.5,1.5,1.0,180.0,1.0,0.2,60.0,3.6,92.0,1.0,3.5,20.0,0.5,0.06,0.065,42.13
North,1815,300000,15.0,15.5,1.5,1.0,180.0,1.0,0.2,60.0,3.6,92.0,1.0,3.5,20.0,0.5,0.06,0.067,42.13
North,1816,300000,15.0,15.5,1.5,1.0,180.0,1.0,0.2,60.0,3.6,92.0,1.0,3.5,20.0,0.5,0.06,0.069,42.13
North,1817,300000,15.0,15.5,1.5,1.0,180.0,1.0,0.2,60.0,3.6,92.0,1.0,3.5,20.0,0.5,0.06,0.071,42.13
North,1818,300000,15.0,15.5,1.5,1.0,180.0,1.0,0.2,60.0,3.6,92.0,1.0,3.5,20.0,0.5,0.06,0.072,42.13
North,1819,300000,15.0,15.5,1.5,1.0,180.0,1.0,0.2,60.0,3.6,92.0,1.0,3.5,20.0,0.5,0.06,0.074,42.13
North,1820,300000,15.0,15.5,1.5,1.0,180.0,1.0,0.2,60.0,3.6,92.0,1.0,3.5,20.0,0.5,0.06,0.076,42.13
North,1821,300000,15.0,15.5,1.5,1.0,180.0,1.0,0.2,60.0,3.6,92.0,1.0,3.5,20.0,0.5,0.06,0.078,42.13
North,1822,300000,15.0,15.5,1.5,1.0,180.0,1.0,0.2,60.0,3.6,92.0,1.0,3.5,20.0,0.5,0.06,0.079,42.13
North,1823,300000,15.0,15.5,1.5,1.0,180.0,1.0,0.2,60.0,3.6,92.0,1.0,3.5,20.0,0.5,0.06,0.081,42.13
North,1824,300000,15.0,15.5,1.5,1.0,180.0,1.0,0.2,60.0,3.6,92.0,1.0,3.5,20.0,0.5,0.06,0.083,42.13
North,1825,300000,15.0,15.5,1.5,1.0,180.0,1.0,0.2,60.0,3.6,92.0,1.0,3.5,20.0,0.5,0.06,0.085,42.13
North,1826,300000,15.0,15.5,1.5,1.0,180.0,1.0,0.2,60.0,3.6,92.0,1.0,3.5,20.0,0.5,0.06,0.086,42.13
North,1827,300000,15.0,15.5,1.5,1.0,180.0,1.0,0.2,60.0,3.6,92.0,1.0,3.5,20.0,0.5,0.06,0.088,42.13
North,1828,300000,15.0,15.5,1.5,1.0,180.0,1.0,0.2,60.0,3.6,92.0,1.0,3.5,20.0,0.5,0.06,0.09,42.13
North,1829,300000,15.0,15.5,1.5,1.0,180.0,1.0,0.2,60.0,3.6,92.0,1.0,3.5,20.0,0.5,0.06,0.092,42.13
North,1830,300000,15.0,15.5,1.5,1.0,180.0,1.0,0.2,60.0,3.6,92.0,1.0,3.5,20.0,0.5,0.06,0.093,42.13
North,1831,300000,15.0,15.5,1.5,1.0,180.0,1.0,0.2,60.0,3.6,92.0,1.0,3.5,20.0,0.5,0.06,0.095,42.13
North,1832,300000,15.0,15.5,1.5,1.0,180.0,1.0,0.2,60.0,3.6,92.0,1.0,3.5,20.0,0.5,0.06,0.097,42.13
North,1833,300000,15.0,15.5,1.5,1.0,180.0,1.0,0.2,60.0,3.6,92.0,1.0,3.5,20.0,0.5,0.06,0.099,42.13
North,1834,300000,15.0,15.5,1.5,1.0,180.0,1.0,0.2,60.0,3.6,92.0,1.0,3.5,20.0,0.5,0.06,0.1,42.13
North,1835,300000,15.0,15.5,1.5,1.0,180.0,1.0,0.2,60.0,3.6,92.0,1.0,3.5,20.0,0.5,0.06,0.102,42.13
North,1836,300000,15.0,15.5,1.5,1.0,180.0,1.0,0.2,60.0,3.6,92.0,1.0,3.5,20.0,0.5,0.06,0.104,42.13
North,1837,300000,15.0,15.5,1.5,1.0,180.0,1.0,0.2,60.0,3.6,92.0,1.0,3.5,20.0,0.5,0.06,0.106,42.13
North,1838,300000,15.0,15.5,1.5,1.0,180.0,1.0,0.2,60.0,3.6,92.0,1.0,3.5,20.0,0.5,0.06,0.107,42.13
North,1839,300000,15.0,15.5,1.5,1.0,180.0,1.0,0.2,60.0,3.6,92.0,1.0,3.5,20.0,0.5,0.06,0.109,42.13
North,1840,300000,15.0,15.5,1.5,1.0,180.0,1.0,0.2,60.0,3.6,92.0,1.0,3.5,20.0,0.5,0.06,0.111,42.13
North,1841,300000,15.0,15.5,1.5,1.0,180.0,1.0,0.2,60.0,3.6,92.0,1.0,3.5,20.0,0.5,0.06,0.113,42.13
North,1842,300000,15.0,15.5,1.5,1.0,180.0,1.0,0.2,60.0,3.6,92.0,1.0,3.5,20.0,0.5,0.06,0.114,42.13
North,1843,300000,15.0,15.5,1.5,1.0,180.0,1.0,0.2,60.0,3.6,92.0,1.0,3.5,20.0,0.5,0.06,0.116,42.13
North,1844,300000,15.0,15.5,1.5,1.0,180.0,1.0,0.2,60.0,3.6,92.0,1.0,3.5,20.0,0.5,0.06,0.118,42.13
North,1845,300000,15.0,15.5,1.5,1.0,180.0,1.0,0.2,60.0,3.6,92.0,1.0,3.5,20.0,0.5,0.06,0.12,42.13
North,1846,300000,15.0,15.5,1.5,1.0,180.0,1.0,0.2,60.0,3.6,92.0,1.0,3.5,20.0,0.5,0.06,0.121,42.13
North,1847,300000,15.0,15.5,1.5,1.0,180.0,1.0,0.2,60.0,3.6,92.0,1.0,3.5,20.0,0.5,0.06,0.123,42.13
North,1848,300000,15.0,15.5,1.5,1.0,180.0,1.0,0.2,60.0,3.6,92.0,1.0,3.5,20.0,0.5,0.06,0.125,42.13
North,1849,300000,15.0,15.5,1.5,1.0,180.0,1.0,0.2,60.0,3.6,92.0,1.0,3.5,20.0,0.5,0.06,0.125,42.13
North,1850,300000,15.0,15.5,1.5,1.0,180.0,1.0,0.2,60.0,3.6,92.0,1.0,3.5,20.0,0.5,0.06,0.125,42.13
North,1851,300000,15.0,15.5,1.5,1.0,180.0,1.0,0.2,60.0,3.6,92.0,1.0,3.5,20.0,0.5,0.06,0.125,42.13
North,1852,300000,15.0,15.5,1.5,1.0,180.0,1.0,0.2,60.0,3.6,92.0,1.0,3.5,20.0,0.5,0.06,0.125,42.13
North,1853,300000,15.0,15.5,1.5,1.0,180.0,1.0,0.2,60.0,3.6,92.0,1.0,3.5,20.0,0.5,0.06,0.125,42.13
North,1854,300000,15.0,15.5,1.5,1.0,180.0,1.0,0.2,60.0,3.6,92.0,1.0,3.5,20.0,0.5,0.06,0.125,42.13
North,1855,300000,15.0,15.5,1.5,1.0,180.0,1.0,0.2,60.0,3.6,92.0,1.0,3.5,20.0,0.5,0.06,0.125,42.13
North,1856,300000,15.0,15.5,1.5,1.0,180.0,1.0,0.2,60.0,3.6,92.0,1.0,3.5,20.0,0.5,0.06,0.125,42.13
North,1857,300000,15.0,15.5,1.5,1.0,180.0,1.0,0.2,60.0,3.6,92.0,1.0,3.5,20.0,0.5,0.06,0.125,42.13
North,1858,300000,15.0,15.5,1.5,1.0,180.0,1.0,0.2,60.0,3.6,92.0,1.0,3.5,20.0,0.5,0.06,0.125,42.13
North,1859,300000,15.0,15.5,1.5,1.0,180.0,1.0,0.2,60.0,3.6,92.0,1.0,3.5,20.0,0.5,0.06,0.125,42.13
North,1860,300000,15.0,15.5,1.5,1.0,180.0,1.0,0.2,60.0,3.6,92.0,1.0,3.5,20.0,0.5,0.06,0.125,42.13
North,1861,300000,15.0,15.5,1.5,1.0,180.0,1.0,0.2,60.0,3.6,92.0,1.0,3.5,20.0,0.5,0.06,0.125,42.13
North,1862,300000,15.0,15.5,1.5,1.0,180.0,1.0,0.2,60.0,3.6,92.0,1.0,3.5,20.0,0.5,0.06,0.125,42.13
North,1863,300000,15.0,15.5,1.5,1.0,180.0,1.0,0.2,60.0,3.6,92.0,1.0,3.5,20.0,0.5,0.06,0.125,42.13
North,1864,300000,15.0,15.5,1.5,1.0,180.0,1.0,0.2,60.0,3.6,92.0,1.0,3.5,20.0,0.5,0.06,0.125,42.13
North,1865,300000,15.0,15.5,1.5,1.0,180.0,1.0,0.2,60.0,3.6,92.0,1.0,3.5,20.0,0.5,0.06,0.125,42.13
North,1866,300000,15.0,15.5,1.5,1.0,180.0,1.0,0.2,60.0,3.6,92.0,1.0,3.5,20.0,0.5,0.06,0.125,42.13
North,1867,300000,15.0,15.5,1.5,1.0,180.0,1.0,0.2,60.0,3.6,92.0,1.0,3.5,20.0,0.5,0.06,0.125,42.13
North,1868,300000,15.0,15.5,1.5,1.0,180.0,1.0,0.2,60.0,3.6,92.0,1.0,3.5,20.0,0.5,0.06,0.125,42.13
North,1869,300000,15.0,15.5,1.5,1.0,180.0,1.0,0.2,60.0,3.6,92.0,1.0,3.5,20.0,0.5,0.06,0.125,42.13
North,1870,300000,15.0,15.5,1.5,1.0,180.0,1.0,0.2,60.0,3.6,92.0,1.0,3.5,20.0,0.5,0.06,0.125,42.13
North,1871,300000,15.0,15.5,1.5,1.0,180.0,1.0,0.2,60.0,3.6,92.0,1.0,3.5,20.0,0.5,0.06,0.125,42.13
North,1872,300000,15.0,15.5,1.5,1.0,180.0,1.0,0.2,60.0,3.6,92.0,1.0,3.5,20.0,0.5,0.06,0.125,42.13
North,1873,300000,15.0,15.5,1.5,1.0,180.0,1.0,0.2,60.0,3.6,92.0,1.0,3.5,20.0,0.5,0.06,0.125,42.13
North,1874,300000,15.0,15.5,1.5,1.0,180.0,1.0,0.2,60.0,3.6,92.0,1.0,3.5,20.0,0.5,0.06,0.125,42.13
North,1875,300000,15.0,15.5,1.5,1.0,180.0,1.0,0.2,60.0,3.6,92.0,1.0,3.5,20.0,0.5,0.06,0.125,42.13
North,1876,300000,15.0,15.5,1.5,1.0,180.0,1.0,0.2,60.0,3.6,92.0,1.0,3.5,20.0,0.5,0.06,0.125,42.13
North,1877,300000,15.0,15.5,1.5,1.0,180.0,1.0,0.2,60.0,3.6,92.0,1.0,3.5,20.0,0.5,0.06,0.125,42.13
North,1878,300000,15.0,15.5,1.5,1.0,180.0,1.0,0.2,60.0,3.6,92.0,1.0,3.5,20.0,0.5,0.06,0.125,42.13
North,1879,300000,15.0,15.5,1.5,1.0,180.0,1.0,0.2,60.0,3.6,92.0,1.0,3.5,20.0,0.5,0.06,0.125,42.13
North,1880,300000,15.0,15.5,1.5,1.0,180.0,1.0,0.2,60.0,3.6,92.0,1.0,3.5,20.0,0.5,0.06,0.125,42.13
North,1881,300000,15.0,15.5,1.5,1.0,180.0,1.0,0.2,60.0,3.6,92.0,1.0,3.5,20.0,0.5,0.06,0.125,42.13
North,1882,300000,15.0,15.5,1.5,1.0,180.0,1.0,0.2,60.0,3.6,92.0,1.0,3.5,20.0,0.5,0.06,0.125,42.13
North,1883,300000,15.0,15.5,1.5,1.0,180.0,1.0,0.2,60.0,3.6,92.0,1.0,3.5,20.0,0.5,0.06,0.125,42.13
North,1884,300000,15.0,15.5,1.5,1.0,180.0,1.0,0.2,60.0,3.6,92.0,1.0,3.5,20.0,0.5,0.06,0.125,42.13
North,1885,300000,15.0,15.5,1.5,1.0,180.0,1.0,0.2,60.0,3.6,92.0,1.0,3.5,20.0,0.5,0.06,0.125,42.13
North,1886,300000,15.0,15.5,1.5,1.0,180.0,1.0,0.2,60.0,3.6,92.0,1.05,3.5,20.0,0.5,0.06,0.125,42.14
North,1887,300000,15.0,15.5,1.5,1.0,180.0,1.0,0.2,60.0,3.6,92.0,1.15,3.5,20.0,0.5,0.06,0.125,42.15
North,1888,300000,15.0,15.5,1.5,1.0,180.0,1.0,0.2,60.0,3.6,92.0,1.24,3.5,20.0,0.5,0.06,0.125,42.17
North,1889,300000,15.0,15.5,1.5,1.0,180.0,1.0,0.2,60.0,3.6,92.0,1.33,3.5,20.0,0.5,0.06,0.125,42.19
North,1890,300000,15.0,15.5,1.5,1.0,180.0,1.0,0.2,60.0,3.6,92.0,1.43,3.5,20.0,0.5,0.06,0.125,42.2
North,1891,300000,15.0,15.5,1.5,1.0,180.0,1.0,0.2,60.0,3.6,92.0,1.52,3.5,20.0,0.5,0.06,0.125,42.22
North,1892,300000,15.0,15.5,1.5,1.0,180.0,1.0,0.2,60.0,3.6,92.0,1.61,3.5,20.0,0.5,0.06,0.125,42.24
North,1893,300000,15.0,15.5,1.5,1.0,180.0,1.0,0.2,60.0,3.6,92.0,1.71,3.5,20.0,0.5,0.06,0.125,42.26
North,1894,300000,15.0,15.5,1.5,1.0,180.0,1.0,0.2,60.0,3.6,92.0,1.8,3.5,20.0,0.5,0.06,0.125,42.27
North,1895,300000,15.0,15.5,1.5,1.0,180.0,1.0,0.2,60.0,3.6,92.0,1.89,3.5,20.0,0.5,0.06,0.125,42.29
North,1896,300000,15.0,15.5,1.5,1.0,180.0,1.0,0.2,60.0,3.6,92.0,1.99,3.5,20.0,0.5,0.06,0.125,42.31
North,1897,300000,15.0,15.5,1.5,1.0,180.0,1.0,0.2,60.0,3.6,92.0,2.08,3.5,20.0,0.5,0.06,0.125,42.32
North,1898,300000,15.0,15.5,1.5,1.0,180.0,1.0,0.2,60.0,3.6,92.0,2.17,3.5,20.0,0.5,0.06,0.125,42.34
North,1899,300000,15.0,15.5,1.5,1.0,180.0,1.0,0.2,60.0,3.6,92.0,2.27,3.5,20.0,0.5,0.06,0.125,42.36
North,1900,300000,15.0,15.5,1.5,1.0,180.0,1.0,0.2,60.0,3.6,92.0,2.36,3.5,20.0,0.5,0.06,0.125,42.37
North,1901,300000,15.0,15.5,1.5,1.0,180.0,1.0,0.2,60.0,3.6,92.0,2.45,3.5,20.0,0.5,0.06,0.125,42.39
North,1902,300000,15.0,15.5,1.5,1.0,180.0,1.0,0.2,60.0,3.6,92.0,2.55,3.5,20.0,0.5,0.06,0.125,42.41
North,1903,300000,15.0,15.5,1.5,1.0,180.0,1.0,0.2,60.0,3.6,92.0,2.64,3.5,20.0,0.5,0.06,0.125,42.42
North,1904,300000,15.0,15.5,1.5,1.0,180.0,1.0,0.2,60.0,3.6,92.0,2.73,3.5,20.0,0.5,0.06,0.125,42.44
North,1905,300000,15.0,15.5,1.5,1.0,180.0,1.0,0.2,60.0,3.6,92.0,2.83,3.5,20.0,0.5,0.06,0.125,42.46
North,1906,300000,15.0,15.5,1.5,1.0,180.0,1.0,0.2,60.0,3.6,92.0,2.92,3.5,20.0,0.5,0.06,0.125,42.47
North,1907,300000,15.0,15.5,1.5,1.0,180.0,1.0,0.2,60.0,3.6,92.0,3.01,3.5,20.0,0.5,0.06,0.125,42.49
North,1908,300000,15.0,15.5,1.5,1.0,180.0,1.0,0.2,60.0,3.6,92.0,3.1,3.5,20.0,0.5,0.06,0.125,42.51
North,1909,300000,15.0,15.5,1.5,1.0,180.0,1.0,0.2,60.0,3.6,92.0,3.2,3.5,20.0,0.5,0.06,0.125,42.52
North,1910,300000,15.0,15.5,1.5,1.0,180.0,1.0,0.2,60.0,3.6,92.0,3.29,3.5,20.0,0.5,0.06,0.125,42.54
North,1911,300000,15.0,15.5,1.5,1.0,180.0,1.0,0.2,60.0,3.6,92.0,3.38,3.5,20.0,0.5,0.06,0.125,42.56
North,1912,300000,15.0,15.5,1.5,1.0,180.0,1.0,0.2,60.0,3.6,92.0,3.48,3.5,20.0,0.5,0.06,0.125,42.57
North,1913,300000,15.0,15.5,1.5,1.0,180.0,1.0,0.2,60.0,3.6,92.0,3.57,3.5,20.0,0.5,0.06,0.125,42.59
North,1914,300000,15.0,15.5,1.5,1.0,180.0,1.0,0.2,60.0,3.6,92.0,3.66,3.5,20.0,0.5,0.06,0.125,42.61
North,1915,300000,15.0,15.5,1.5,1.0,180.0,1.0,0.2,60.0,3.6,92.0,3.76,3.5,20.0,0.5,0.06,0.125,42.62
North,1916,300000,15.0,15.5,1.5,1.0,180.0,1.0,0.2,60.0,3.6,92.0,3.85,3.5,20.0,0.5,0.06,0.125,42.64
North,1917,300000,15.0,15.5,1.5,1.0,180.0,1.0,0.2,60.0,3.6,92.0,3.94,3.5,20.0,0.5,0.06,0.125,42.66
North,1918,300000,15.0,15.5,1.5,1.0,180.0,1.0,0.2,60.0,3.6,92.0,4.04,3.5,20.0,0.5,0.06,0.125,42.68
North,1919,300000,15.0,15.5,1.5,1.0,180.0,1.0,0.2,60.0,3.6,92.0,4.13,3.5,20.0,0.5,0.06,0.125,42.69
North,1920,300000,15.0,15.5,1.5,1.0,180.0,1.0,0.2,60.0,3.6,92.0,4.22,3.5,20.0,0.5,0.06,0.125,42.71
North,1921,300000,15.0,15.5,1.5,1.0,180.0,1.0,0.2,60.0,3.6,92.0,4.32,3.5,20.0,0.5,0.06,0.125,42.73
North,1922,300000,15.0,15.5,1.5,1.0,180.0,1.0,0.2,60.0,3.6,92.0,4.41,3.5,20.0,0.5,0.06,0.125,42.74
North,1923,300000,15.0,15.5,1.5,1.0,180.0,1.0,0.2,60.0,3.6,92.0,4.5,3.5,20.0,0.5,0.06,0.125,42.76
North,1924,300000,15.0,15.5,1.5,1.0,180.0,1.0,0.2,60.0,3.6,92.0,4.6,3.5,20.0,0.5,0.06,0.125,42.78
North,1925,300000,15.0,15.5,1.5,1.0,180.0,1.0,0.2,60.0,3.6,92.0,4.69,3.5,20.0,0.5,0.06,0.125,42.79
North,1926,300000,15.0,15.5,1.5,1.0,180.0,1.0,0.2,60.0,3.6,92.0,4.78,3.5,20.0,0.5,0.06,0.125,42.81
North,1927,300000,15.0,15.5,1.5,1.0,180.0,1.0,0.2,60.0,3.6,92.0,4.88,3.5,20.0,0.5,0.06,0.125,42.83
North,1928,300000,15.0,15.5,1.5,1.0,180.0,1.0,0.2,60.0,3.6,92.0,4.97,3.5,20.0,0.5,0.06,0.125,42.84
North,1929,300000,15.0,15.5,1.5,1.0,180.0,1.0,0.2,60.0,3.6,92.0,5.06,3.5,20.0,0.5,0.06,0.125,42.86
North,1930,300000,15.0,15.5,1.5,1.0,180.0,1.0,0.2,60.0,3.6,92.0,5.16,3.5,20.0,0.5,0.06,0.125,42.88
North,1931,300000,15.0,15.5,1.5,1.0,180.0,1.0,0.2,60.0,3.6,92.0,5.25,3.5,20.0,0.5,0.06,0.125,42.89
North,1932,300000,15.0,15.5,1.5,1.0,180.0,1.0,0.2,60.0,3.6,92.0,5.34,3.5,20.0,0.5,0.06,0.125,42.91
North,1933,300000,16.0,16.5,1.5,1.0,180.0,1.0,0.2,60.0,3.6,92.0,5.44,3.5,20.0,0.5,0.06,0.125,42.93
North,1934,300000,17.0,17.5,1.5,1.0,180.0,1.0,0.2,60.0,3.6,92.0,5.53,3.5,20.0,0.5,0.06,0.125,42.94
North,1935,300000,18.0,18.5,1.5,1.0,180.0,1.0,0.2,60.0,3.6,92.0,5.62,3.5,20.0,0.5,0.06,0.125,42.96
North,1936,300000,19.0,19.6,1.5,1.0,180.0,1.0,0.2,60.0,3.6,92.0,5.72,3.5,20.0,0.5,0.06,0.125,42.98
North,1937,300000,20.0,20.6,1.5,1.0,180.0,1.0,0.2,60.0,3.6,92.0,5.81,3.5,20.0,0.5,0.06,0.125,42.99
North,1938,300000,21.0,21.6,1.5,1.0,180.0,1.0,0.2,60.0,3.6,92.0,5.9,3.5,20.0,0.5,0.06,0.125,43.01
North,1939,300000,22.0,22.7,1.5,1.0,180.0,1.0,0.2,60.0,3.6,92.0,6.0,3.5,20.0,0.5,0.06,0.125,43.03
North,1940,300000,23.0,23.7,1.5,1.0,180.0,1.0,0.2,60.0,3.6,92.0,6.09,3.5,20.0,0.5,0.06,0.125,43.04
North,1941,300000,24.0,24.7,1.5,1.0,180.0,1.0,0.2,60.0,3.6,92.0,6.18,3.5,20.0,0.5,0.06,0.125,43.06
North,1942,300000,25.0,25.8,1.5,1.0,180.0,1.0,0.2,60.0,3.6,92.0,6.28,3.5,20.0,0.5,0.06,0.125,43.08
North,1943,300000,26.0,26.8,1.5,1.0,180.0,1.0,0.2,60.0,3.6,92.0,6.37,3.5,20.0,0.5,0.06,0.125,43.09
North,1944,300000,27.0,27.8,1.5,1.0,180.0,1.0,0.2,60.0,3.6,92.0,6.46,3.5,20.0,0.5,0.06,0.125,43.11
North,1945,300000,28.0,28.8,1.5,1.0,180.0,1.0,0.2,60.0,3.6,92.0,6.56,3.5,20.0,0.5,0.06,0.125,43.13
North,1946,300000,29.0,29.9,1.5,1.0,180.0,1.0,0.2,60.0,3.6,92.0,6.65,3.5,20.0,0.5,0.06,0.125,43.15
North,1947,300000,30.0,30.9,1.5,1.0,180.0,1.0,0.2,60.0,3.6,92.0,6.74,3.5,20.0,0.5,0.06,0.125,43.16
North,1948,300000,31.0,31.9,1.5,1.0,180.0,1.0,0.2,60.0,3.6,92.0,6.84,3.5,20.0,0.5,0.06,0.125,43.18
North,1949,300000,32.0,33.0,1.5,1.0,180.0,1.0,0.2,60.0,3.6,92.0,6.93,3.5,20.0,0.5,0.06,0.125,43.2
North,1950,300000,33.0,34.0,1.5,1.0,180.0,1.0,0.2,60.0,3.6,92.0,7.02,3.5,20.0,0.5,0.06,0.125,43.21
North,1951,300000,34.0,35.0,1.5,1.0,180.0,1.0,0.2,60.0,3.6,92.0,7.12,3.5,20.0,0.5,0.06,0.125,43.23
North,1952,300000,35.0,36.1,1.5,1.0,180.0,1.0,0.2,60.0,3.6,92.0,7.21,3.5,20.0,0.5,0.06,0.125,43.25
North,1953,300000,36.0,37.1,1.5,1.0,180.0,1.0,0.2,60.0,3.6,92.0,7.3,3.5,20.0,0.5,0.06,0.125,43.26
North,1954,300000,37.0,38.1,1.5,1.0,180.0,1.0,0.2,60.0,3.6,92.0,7.4,3.5,20.0,0.5,0.06,0.125,43.28
North,1955,300000,38.0,39.1,1.5,1.0,180.0,1.0,0.2,60.0,3.6,92.0,7.49,3.5,20.0,0.5,0.06,0.125,43.3
North,1956,300000,39.0,40.2,1.5,1.0,180.0,1.0,0.2,60.0,3.6,92.0,7.58,3.5,20.0,0.5,0.06,0.125,43.31
North,1957,300000,40.0,41.2,1.5,1.0,180.0,1.0,0.2,60.0,3.6,92.0,7.68,3.5,20.0,0.5,0.06,0.125,43.33
North,1958,300000,41.0,42.2,1.5,1.0,180.0,1.0,0.2,60.0,3.6,92.0,7.77,3.5,20.0,0.5,0.06,0.125,43.35
North,1959,300000,42.0,43.3,1.5,1.0,180.0,1.0,0.2,60.0,3.6,92.0,7.86,3.5,20.0,0.5,0.06,0.125,43.36
North,1960,350000,43.0,44.3,2.0,1.0,250.0,1.0,0.2,80.0,6.4,90.0,7.2,4.0,24.0,0.6,0.08,0.144,43.79
North,1961,350000,44.0,45.3,2.0,1.0,250.0,1.0,0.2,80.0,6.4,90.0,7.31,4.0,24.0,0.6,0.08,0.144,43.81
North,1962,350000,45.0,46.3,2.0,1.2,250.0,1.0,0.2,80.0,6.4,90.0,7.41,4.0,24.0,0.6,0.08,0.144,43.83
North,1963,350000,46.0,47.4,2.0,1.7,250.0,1.0,0.2,80.0,6.4,90.0,7.52,4.0,24.0,0.6,0.08,0.144,43.84
North,1964,350000,47.0,48.4,2.0,2.0,250.0,1.0,0.2,80.0,6.4,90.0,7.63,4.0,24.0,0.6,0.08,0.144,43.86
North,1965,350000,48.0,49.4,2.0,2.0,250.0,1.0,0.2,80.0,6.4,90.0,7.74,4.0,24.0,0.6,0.08,0.144,43.88
North,1966,350000,49.0,50.5,2.0,2.0,250.0,1.0,0.2,80.0,6.4,90.0,7.84,4.0,24.0,0.6,0.08,0.144,43.9
North,1967,350000,50.0,51.5,2.0,2.0,250.0,1.0,0.2,80.0,6.4,90.0,7.95,4.0,24.0,0.6,0.08,0.144,43.92
North,1968,350000,51.0,52.5,2.0,2.0,250.0,1.0,0.2,80.0,6.4,90.0,8.06,4.0,24.0,0.62,0.08,0.149,43.91
North,1969,350000,52.0,53.6,2.0,2.0,250.0,1.0,0.2,80.0,6.4,90.0,8.17,4.0,24.0,0.709,0.08,0.17,43.79
North,1970,350000,53.0,54.6,2.0,2.0,250.0,1.0,0.2,80.0,6.4,90.0,8.27,4.0,24.0,0.798,0.08,0.191,43.67
North,1971,350000,54.0,55.6,2.0,2.0,250.0,1.0,0.2,80.0,6.4,90.0,8.38,4.0,24.0,0.878,0.08,0.211,43.56
North,1972,350000,55.0,56.6,2.0,2.0,250.0,1.0,0.2,80.0,6.4,90.0,8.49,4.0,25.0,0.992,0.08,0.238,43.4
North,1973,350000,56.0,57.7,2.0,2.0,250.0,1.0,0.2,80.0,6.4,90.0,8.6,4.0,26.0,1.129,0.08,0.271,43.21
North,1974,350000,57.0,58.7,2.0,2.0,250.0,1.0,0.2,80.0,6.4,90.0,8.7,4.0,27.0,1.249,0.08,0.3,43.04
North,1975,350000,58.0,59.7,2.0,2.0,250.0,1.0,0.2,80.0,6.4,90.0,8.81,4.0,28.0,1.306,0.08,0.314,42.96
North,1976,350000,59.0,60.8,2.0,2.0,250.0,1.0,0.2,80.0,6.4,90.0,8.92,4.0,29.0,1.446,0.08,0.347,42.76
North,1977,350000,60.0,61.8,2.0,2.0,250.0,1.0,0.2,80.0,6.4,90.0,9.03,4.0,30.0,1.511,0.08,0.363,42.68
North,1978,350000,61.0,62.8,2.1,2.0,250.0,1.0,0.2,80.0,6.4,90.0,9.13,4.0,31.0,1.509,0.08,0.362,42.7
North,1979,350000,62.0,63.9,3.1,3.1,320.0,1.0,0.2,80.0,6.4,90.0,9.24,4.04,32.0,1.669,0.08,0.401,42.5
North,1980,350000,63.0,64.9,4.2,4.1,400.0,1.0,0.2,80.0,6.4,90.0,9.35,4.37,33.0,1.726,0.08,0.414,42.62
North,1981,410000,64.0,65.9,5.3,5.2,480.0,1.0,0.2,80.0,6.4,90.0,9.46,4.7,34.0,1.744,0.08,0.419,42.81
North,1982,470000,65.0,66.9,6.4,6.3,560.0,1.0,0.2,80.0,6.4,90.0,9.56,5.03,35.0,1.803,0.08,0.433,42.93
North,1983,530000,66.0,68.0,7.5,7.3,640.0,1.0,0.2,90.0,7.2,90.0,9.67,5.36,36.0,1.858,0.08,0.446,43.06
North,1984,590000,67.0,69.0,8.5,8.4,720.0,1.0,0.2,115.0,9.2,90.0,9.78,5.68,37.0,1.98,0.08,0.475,43.09
North,1985,650000,68.0,70.0,9.6,9.4,800.0,1.0,0.2,140.0,11.2,90.0,9.89,6.01,38.0,2.044,0.08,0.491,43.2
North,1986,710000,69.0,71.1,10.7,10.5,880.0,1.0,0.2,165.0,13.2,90.0,9.99,6.34,39.0,2.074,0.08,0.498,43.37
North,1987,770000,70.0,72.1,11.8,11.5,960.0,1.0,0.2,190.0,15.2,90.0,10.1,6.67,40.0,2.144,0.08,0.514,43.48
North,1988,830000,71.0,73.1,12.9,12.6,1040.0,1.0,0.2,215.0,17.2,90.0,10.21,7.0,41.0,2.227,0.08,0.535,43.56
North,1989,890000,72.0,74.2,13.9,13.7,1120.0,1.0,0.2,240.0,19.2,90.0,10.32,7.32,42.0,2.294,0.08,0.551,43.67
North,1990,950000,73.0,75.2,15.0,14.7,1200.0,1.0,0.2,265.0,21.2,90.0,10.42,7.65,43.0,2.371,0.08,0.569,43.77
North,1991,1010000,74.0,76.2,16.1,15.8,1280.0,1.0,0.2,290.0,23.2,90.0,10.6,8.05,44.0,2.397,0.08,0.575,44.0
North,1992,1070000,75.0,77.2,17.2,16.4,1360.0,1.0,0.2,315.0,25.2,90.0,10.67,8.34,45.0,2.452,0.08,0.588,44.1
North,1993,1130000,76.0,78.3,18.3,16.9,1440.0,1.0,0.2,340.0,27.2,90.0,11.0,8.88,46.0,2.508,0.08,0.602,44.4
North,1994,1190000,77.0,79.3,19.3,17.4,1520.0,1.0,0.2,365.0,29.2,90.0,11.31,9.43,47.0,2.607,0.08,0.626,44.62
North,1995,1250000,78.0,80.3,20.4,17.9,1600.0,1.0,0.2,390.0,31.2,90.0,11.24,9.59,48.0,2.762,0.08,0.663,44.46
North,1996,1310000,79.0,81.4,21.5,18.4,1680.0,1.0,0.2,415.0,33.2,90.0,11.14,9.69,49.0,2.929,0.08,0.688,44.24
North,1997,1370000,80.0,82.4,22.6,18.9,1760.0,1.0,0.2,440.0,35.2,90.0,11.17,9.94,50.0,3.005,0.08,0.672,44.28
North,1998,1430000,81.0,83.4,23.6,19.4,1840.0,1.0,0.2,465.0,37.2,90.0,11.41,10.42,51.0,3.035,0.099,0.648,44.56
North,1999,1490000,82.0,84.5,24.7,19.9,1920.0,1.0,0.2,490.0,39.2,90.0,11.54,10.77,52.0,3.013,0.192,0.617,44.83
North,2000,1550000,83.0,85.5,25.8,20.4,2000.0,1.0,0.2,515.0,41.2,90.0,11.33,10.74,53.0,3.118,0.29,0.606,44.61
North,2001,1610000,84.0,86.5,26.9,20.9,2080.0,1.0,0.2,540.0,43.2,90.0,11.33,10.94,54.0,3.218,0.388,0.595,44.57
North,2002,1670000,85.0,87.5,28.0,21.4,2160.0,1.0,0.2,565.0,45.2,90.0,11.33,11.13,55.0,3.255,0.48,0.574,44.62
North,2003,1730000,86.0,88.6,29.0,21.9,2240.0,1.0,0.2,590.0,47.2,90.0,11.41,11.41,56.0,3.456,0.594,0.575,44.49
North,2004,1790000,87.0,89.6,30.1,22.4,2320.0,1.0,0.2,615.0,49.2,90.0,11.42,11.61,57.0,3.644,0.711,0.573,44.32
North,2005,1850000,88.0,90.6,31.2,22.9,2400.0,1.0,0.2,640.0,51.2,90.0,11.3,11.63,58.0,3.735,0.814,0.558,44.16
North,2006,1910000,89.0,91.7,32.3,23.4,2480.0,1.0,0.2,665.0,53.2,90.0,11.39,11.92,59.0,3.748,0.901,0.535,44.34
North,2007,1970000,90.0,92.7,33.4,24.0,2560.0,1.0,0.2,690.0,55.2,90.0,11.61,12.38,60.0,3.953,1.029,0.533,44.33
North,2008,2030000,91.0,93.7,34.4,24.5,2640.0,1.0,0.2,715.0,57.2,90.0,11.68,12.64,61.0,4.142,1.157,0.527,44.2
North,2009,2090000,92.0,94.8,35.5,25.0,2720.0,1.0,0.2,740.0,59.2,90.0,11.71,12.85,62.0,4.014,1.205,0.492,44.54
North,2010,2150000,93.0,95.8,36.6,25.5,2800.0,1.0,0.2,765.0,61.2,90.0,11.48,12.7,63.0,4.131,1.315,0.48,44.22
North,2011,2210000,94.0,99.2,37.7,26.0,2880.0,1.0,0.2,790.0,130.2,83.51,11.43,12.77,64.0,4.11,1.385,0.456,45.39
North,2012,2270000,95.0,103.9,38.8,26.5,2960.0,2.6,0.29,815.0,203.9,74.98,11.58,13.15,65.0,4.215,1.491,0.443,46.42
North,2013,2330000,96.0,108.6,39.8,27.0,3040.0,5.5,0.35,840.0,258.2,69.27,11.2,12.74,66.0,4.295,1.589,0.428,46.43
North,2014,2390000,97.0,113.3,40.9,27.5,3120.0,7.5,0.4,865.0,306.1,64.62,10.88,12.42,67.0,4.396,1.695,0.414,46.29
North,2015,2450000,98.0,118.0,42.0,28.0,3200.0,18.0,0.6,890.0,445.0,50.0,12.2,14.5,68.0,4.2,1.8,0.4,58.0
North,2016,2510000,99.0,122.0,44.0,29.0,3280.0,21.0,0.7,915.0,503.0,45.0,12.3,14.8,69.0,4.3,1.9,0.4,59.0
North,2017,2570000,100.0,126.0,45.0,29.0,3360.0,24.0,0.8,940.0,564.0,40.0,12.4,15.1,70.0,4.4,2.0,0.4,60.0
North,2018,2630000,101.0,131.0,47.0,30.0,3440.0,28.0,0.9,965.0,627.0,35.0,12.5,15.4,71.0,4.5,2.1,0.3,61.0
North,2019,2690000,102.0,135.0,48.0,30.0,3520.0,32.0,1.0,990.0,693.0,31.0,12.6,15.7,72.0,4.5,2.2,0.3,62.0
North,2020,2750000,103.0,139.0,49.0,31.0,3600.0,36.0,1.1,1015.0,762.0,27.0,12.7,16.0,73.0,4.6,2.3,0.3,63.0
North,2021,2810000,104.0,144.0,50.0,31.0,3680.0,41.0,1.2,1040.0,832.0,22.0,12.8,16.3,74.0,4.7,2.4,0.3,64.0
North,2022,2870000,105.0,148.0,51.0,32.0,3760.0,45.0,1.3,1065.0,905.0,18.0,12.9,16.6,75.0,4.8,2.5,0.3,65.0
North,2023,2930000,106.0,153.0,52.0,32.0,3840.0,50.0,1.4,1090.0,981.0,15.0,13.0,16.9,76.0,4.8,2.6,0.3,66.0
North,2024,2990000,107.0,158.0,53.0,33.0,3920.0,55.0,1.5,1115.0,1060.0,12.0,13.1,17.2,77.0,4.9,2.7,0.2,67.0
North,2025,3050000,108.0,163.0,54.0,33.0,4000.0,60.0,1.6,1140.0,1142.0,10.0,13.2,17.5,78.0,5.0,2.8,0.2,68.0
North,2026,3110000,109.0,168.0,55.0,34.0,4080.0,66.0,1.7,1165.0,1227.0,8.0,13.3,17.8,79.0,5.1,2.9,0.2,69.0
North,2027,3170000,110.0,173.0,56.0,34.0,4160.0,72.0,1.8,1190.0,1315.0,6.0,13.4,18.1,80.0,5.2,3.0,0.2,70.0
North,2028,3230000,111.0,178.0,57.0,35.0,4240.0,78.0,1.9,1215.0,1406.0,5.0,13.5,18.4,81.0,5.2,3.1,0.2,71.0
North,2029,3290000,112.0,183.0,58.0,35.0,4320.0,85.0,2.0,1240.0,1500.0,4.0,13.6,18.7,82.0,5.3,3.2,0.2,72.0
North,2030,3350000,113.0,188.0,59.0,36.0,4400.0,92.0,2.1,1265.0,1597.0,3.0,13.7,19.0,83.0,5.4,3.3,0.2,73.0
South,1800,300000,15.0,15.5,1.5,1.0,180.0,1.0,0.2,60.0,3.6,92.0,1.0,3.5,20.0,0.5,0.06,0.104,42.13
South,1801,300000,15.0,15.5,1.5,1.0,180.0,1.0,0.2,60.0,3.6,92.0,1.0,3.5,20.0,0.5,0.06,0.105,42.13
South,1802,300000,15.0,15.5,1.5,1.0,180.0,1.0,0.2,60.0,3.6,92.0,1.0,3.5,20.0,0.5,0.06,0.106,42.13
South,1803,300000,15.0,15.5,1.5,1.0,180.0,1.0,0.2,60.0,3.6,92.0,1.0,3.5,20.0,0.5,0.06,0.108,42.13
South,1804,300000,15.0,15.5,1.5,1.0,180.0,1.0,0.2,60.0,3.6,92.0,1.0,3.5,20.0,0.5,0.06,0.109,42.13
South,1805,300000,15.0,15.5,1.5,1.0,180.0,1.0,0.2,60.0,3.6,92.0,1.0,3.5,20.0,0.5,0.06,0.111,42.13
South,1806,300000,15.0,15.5,1.5,1.0,180.0,1.0,0.2,60.0,3.6,92.0,1.0,3.5,20.0,0.5,0.06,0.112,42.13
South,1807,300000,15.0,15.5,1.5,1.0,180.0,1.0,0.2,60.0,3.6,92.0,1.0,3.5,20.0,0.5,0.06,0.114,42.13
South,1808,300000,15.0,15.5,1.5,1.0,180.0,1.0,0.2,60.0,3.6,92.0,1.0,3.5,20.0,0.5,0.06,0.115,42.13
South,1809,300000,15.0,15.5,1.5,1.0,180.0,1.0,0.2,60.0,3.6,92.0,1.0,3.5,20.0,0.5,0.06,0.117,42.13
South,1810,300000,15.0,15.5,1.5,1.0,180.0,1.0,0.2,60.0,3.6,92.0,1.0,3.5,20.0,0.5,0.06,0.118,42.13
South,1811,300000,15.0,15.5,1.5,1.0,180.0,1.0,0.2,60.0,3.6,92.0,1.0,3.5,20.0,0.5,0.06,0.12,42.13
South,1812,300000,15.0,15.5,1.5,1.0,180.0,1.0,0.2,60.0,3.6,92.0,1.0,3.5,20.0,0.5,0.06,0.121,42.13
South,1813,300000,15.0,15.5,1.5,1.0,180.0,1.0,0.2,60.0,3.6,92.0,1.0,3.5,20.0,0.5,0.06,0.123,42.13
South,1814,300000,15.0,15.5,1.5,1.0,180.0,1.0,0.2,60.0,3.6,92.0,1.0,3.5,20.0,0.5,0.06,0.124,42.13
South,1815,300000,15.0,15.5,1.5,1.0,180.0,1.0,0.2,60.0,3.6,92.0,1.0,3.5,20.0,0.5,0.06,0.125,42.13
South,1816,300000,15.0,15.5,1.5,1.0,180.0,1.0,0.2,60.0,3.6,92.0,1.0,3.5,20.0,0.5,0.06,0.125,42.13
South,1817,300000,15.0,15.5,1.5,1.0,180.0,1.0,0.2,60.0,3.6,92.0,1.0,3.5,20.0,0.5,0.06,0.125,42.13
South,1818,300000,15.0,15.5,1.5,1.0,180.0,1.0,0.2,60.0,3.6,92.0,1.0,3.5,20.0,0.5,0.06,0.125,42.13
South,1819,300000,15.0,15.5,1.5,1.0,180.0,1.0,0.2,60.0,3.6,92.0,1.0,3.5,20.0,0.5,0.06,0.125,42.13
South,1820,300000,15.0,15.5,1.5,1.0,180.0,1.0,0.2,60.0,3.6,92.0,1.0,3.5,20.0,0.5,0.06,0.125,42.13
South,1821,300000,15.0,15.5,1.5,1.0,180.0,1.0,0.2,60.0,3.6,92.0,1.0,3.5,20.0,0.5,0.06,0.125,42.13
South,1822,300000,15.0,15.5,1.5,1.0,180.0,1.0,0.2,60.0,3.6,92.0,1.0,3.5,20.0,0.5,0.06,0.125,42.13
South,1823,300000,15.0,15.5,1.5,1.0,180.0,1.0,0.2,60.0,3.6,92.0,1.0,3.5,20.0,0.5,0.06,0.125,42.13
South,1824,300000,15.0,15.5,1.5,1.0,180.0,1.0,0.2,60.0,3.6,92.0,1.0,3.5,20.0,0.5,0.06,0.125,42.13
South,1825,300000,15.0,15.5,1.5,1.0,180.0,1.0,0.2,60.0,3.6,92.0,1.0,3.5,20.0,0.5,0.06,0.125,42.13
South,1826,300000,15.0,15.5,1.5,1.0,180.0,1.0,0.2,60.0,3.6,92.0,1.0,3.5,20.0,0.5,0.06,0.125,42.13
South,1827,300000,15.0,15.5,1.5,1.0,180.0,1.0,0.2,60.0,3.6,92.0,1.0,3.5,20.0,0.5,0.06,0.125,42.13
South,1828,300000,15.0,15.5,1.5,1.0,180.0,1.0,0.2,60.0,3.6,92.0,1.0,3.5,20.0,0.5,0.06,0.125,42.13
South,1829,300000,15.0,15.5,1.5,1.0,180.0,1.0,0.2,60.0,3.6,92.0,1.0,3.5,20.0,0.5,0.06,0.125,42.13
South,1830,300000,15.0,15.5,1.5,1.0,180.0,1.0,0.2,60.0,3.6,92.0,1.0,3.5,20.0,0.5,0.06,0.125,42.13
South,1831,300000,15.0,15.5,1.5,1.0,180.0,1.0,0.2,60.0,3.6,92.0,1.0,3.5,20.0,0.5,0.06,0.125,42.13
South,1832,300000,15.0,15.5,1.5,1.0,180.0,1.0,0.2,60.0,3.6,92.0,1.0,3.5,20.0,0.5,0.06,0.125,42.13
South,1833,300000,15.0,15.5,1.5,1.0,180.0,1.0,0.2,60.0,3.6,92.0,1.0,3.5,20.0,0.5,0.06,0.125,42.13
South,1834,300000,15.0,15.5,1.5,1.0,180.0,1.0,0.2,60.0,3.6,92.0,1.0,3.5,20.0,0.5,0.06,0.125,42.13
South,1835,300000,15.0,15.5,1.5,1.0,180.0,1.0,0.2,60.0,3.6,92.0,1.0,3.5,20.0,0.5,0.06,0.125,42.13
South,1836,300000,15.0,15.5,1.5,1.0,180.0,1.0,0.2,60.0,3.6,92.0,1.0,3.5,20.0,0.5,0.06,0.125,42.13
South,1837,300000,15.0,15.5,1.5,1.0,180.0,1.0,0.2,60.0,3.6,92.0,1.0,3.5,20.0,0.5,0.06,0.125,42.13
South,1838,300000,15.0,15.5,1.5,1.0,180.0,1.0,0.2,60.0,3.6,92.0,1.0,3.5,20.0,0.5,0.06,0.125,42.13
South,1839,300000,15.0,15.5,1.5,1.0,180.0,1.0,0.2,60.0,3.6,92.0,1.0,3.5,20.0,0.5,0.06,0.125,42.13
South,1840,300000,15.0,15.5,1.5,1.0,180.0,1.0,0.2,60.0,3.6,92.0,1.0,3.5,20.0,0.5,0.06,0.125,42.13
South,1841,300000,15.0,15.5,1.5,1.0,180.0,1.0,0.2,60.0,3.6,92.0,1.0,3.5,20.0,0.5,0.06,0.125,42.13
South,1842,300000,15.0,15.5,1.5,1.0,180.0,1.0,0.2,60.0,3.6,92.0,1.0,3.5,20.0,0.5,0.06,0.125,42.13
South,1843,300000,15.0,15.5,1.5,1.0,180.0,1.0,0.2,60.0,3.6,92.0,1.0,3.5,20.0,0.5,0.06,0.125,42.13
South,1844,300000,15.0,15.5,1.5,1.0,180.0,1.0,0.2,60.0,3.6,92.0,1.0,3.5,20.0,0.5,0.06,0.125,42.13
South,1845,300000,15.0,15.5,1.5,1.0,180.0,1.0,0.2,60.0,3.6,92.0,1.0,3.5,20.0,0.5,0.06,0.125,42.13
South,1846,300000,15.0,15.5,1.5,1.0,180.0,1.0,0.2,60.0,3.6,92.0,1.0,3.5,20.0,0.5,0.06,0.125,42.13
South,1847,300000,15.0,15.5,1.5,1.0,180.0,1.0,0.2,60.0,3.6,92.0,1.0,3.5,20.0,0.5,0.06,0.125,42.13
South,1848,300000,15.0,15.5,1.5,1.0,180.0,1.0,0.2,60.0,3.6,92.0,1.0,3.5,20.0,0.5,0.06,0.125,42.13
South,1849,300000,15.0,15.5,1.5,1.0,180.0,1.0,0.2,60.0,3.6,92.0,1.0,3.5,20.0,0.5,0.06,0.125,42.13
South,1850,300000,15.0,15.5,1.5,1.0,180.0,1.0,0.2,60.0,3.6,92.0,1.0,3.5,20.0,0.5,0.06,0.125,42.13
South,1851,300000,15.0,15.5,1.5,1.0,180.0,1.0,0.2,60.0,3.6,92.0,1.0,3.5,20.0,0.5,0.06,0.125,42.13
South,1852,300000,15.0,15.5,1.5,1.0,180.0,1.0,0.2,60.0,3.6,92.0,1.0,3.5,20.0,0.5,0.06,0.125,42.13
South,1853,300000,15.0,15.5,1.5,1.0,180.0,1.0,0.2,60.0,3.6,92.0,1.0,3.5,20.0,0.5,0.06,0.125,42.13
South,1854,300000,15.0,15.5,1.5,1.0,180.0,1.0,0.2,60.0,3.6,92.0,1.0,3.5,20.0,0.5,0.06,0.125,42.13
South,1855,300000,15.0,15.5,1.5,1.0,180.0,1.0,0.2,60.0,3.6,92.0,1.0,3.5,20.0,0.5,0.06,0.125,42.13
South,1856,300000,15.0,15.5,1.5,1.0,180.0,1.0,0.2,60.0,3.6,92.0,1.0,3.5,20.0,0.5,0.06,0.125,42.13
South,1857,300000,15.0,15.5,1.5,1.0,180.0,1.0,0.2,60.0,3.6,92.0,1.0,3.5,20.0,0.5,0.06,0.125,42.13
South,1858,300000,15.0,15.5,1.5,1.0,180.0,1.0,0.2,60.0,3.6,92.0,1.0,3.5,20.0,0.5,0.06,0.125,42.13
South,1859,300000,15.0,15.5,1.5,1.0,180.0,1.0,0.2,60.0,3.6,92.0,1.0,3.5,20.0,0.5,0.06,0.125,42.13
South,1860,300000,15.0,15.5,1.5,1.0,180.0,1.0,0.2,60.0,3.6,92.0,1.0,3.5,20.0,0.5,0.06,0.125,42.13
South,1861,300000,15.0,15.5,1.5,1.0,180.0,1.0,0.2,60.0,3.6,92.0,1.0,3.5,20.0,0.5,0.06,0.125,42.13
South,1862,300000,15.0,15.5,1.5,1.0,180.0,1.0,0.2,60.0,3.6,92.0,1.0,3.5,20.0,0.5,0.06,0.125,42.13
South,1863,300000,15.0,15.5,1.5,1.0,180.0,1.0,0.2,60.0,3.6,92.0,1.0,3.5,20.0,0.5,0.06,0.125,42.13
South,1864,300000,15.0,15.5,1.5,1.0,180.0,1.0,0.2,60.0,3.6,92.0,1.0,3.5,20.0,0.5,0.06,0.125,42.13
South,1865,300000,15.0,15.5,1.5,1.0,180.0,1.0,0.2,60.0,3.6,92.0,1.0,3.5,20.0,0.5,0.06,0.125,42.13
South,1866,300000,15.0,15.5,1.5,1.0,180.0,1.0,0.2,60.0,3.6,92.0,1.0,3.5,20.0,0.5,0.06,0.125,42.13
South,1867,300000,15.0,15.5,1.5,1.0,180.0,1.0,0.2,60.0,3.6,92.0,1.0,3.5,20.0,0.5,0.06,0.125,42.13
South,1868,300000,15.0,15.5,1.5,1.0,180.0,1.0,0.2,60.0,3.6,92.0,1.0,3.5,20.0,0.5,0.06,0.125,42.13
South,1869,300000,15.0,15.5,1.5,1.0,180.0,1.0,0.2,60.0,3.6,92.0,1.0,3.5,20.0,0.5,0.06,0.125,42.13
South,1870,300000,15.0,15.5,1.5,1.0,180.0,1.0,0.2,60.0,3.6,92.0,1.0,3.5,20.0,0.5,0.06,0.125,42.13
South,1871,300000,15.0,15.5,1.5,1.0,180.0,1.0,0.2,60.0,3.6,92.0,1.0,3.5,20.0,0.5,0.06,0.125,42.13
South,1872,300000,15.0,15.5,1.5,1.0,180.0,1.0,0.2,60.0,3.6,92.0,1.0,3.5,20.0,0.5,0.06,0.125,42.13
South,1873,300000,15.0,15.5,1.5,1.0,180.0,1.0,0.2,60.0,3.6,92.0,1.0,3.5,20.0,0.5,0.06,0.125,42.13
South,1874,300000,15.0,15.5,1.5,1.0,180.0,1.0,0.2,60.0,3.6,92.0,1.0,3.5,20.0,0.5,0.06,0.125,42.13
South,1875,300000,15.0,15.5,1.5,1.0,180.0,1.0,0.2,60.0,3.6,92.0,1.0,3.5,20.0,0.5,0.06,0.125,42.13
South,1876,300000,15.0,15.5,1.5,1.0,180.0,1.0,0.2,60.0,3.6,92.0,1.0,3.5,20.0,0.5,0.06,0.125,42.13
South,1877,300000,15.0,15.5,1.5,1.0,180.0,1.0,0.2,60.0,3.6,92.0,1.0,3.5,20.0,0.5,0.06,0.125,42.13
South,1878,300000,15.0,15.5,1.5,1.0,180.0,1.0,0.2,60.0,3.6,92.0,1.0,3.5,20.0,0.5,0.06,0.125,42.13
South,1879,300000,15.0,15.5,1.5,1.0,180.0,1.0,0.2,60.0,3.6,92.0,1.0,3.5,20.0,0.5,0.06,0.125,42.13
South,1880,300000,15.0,15.5,1.5,1.0,180.0,1.0,0.2,60.0,3.6,92.0,1.0,3.5,20.0,0.5,0.06,0.125,42.13
South,1881,300000,15.0,15.5,1.5,1.0,180.0,1.0,0.2,60.0,3.6,92.0,1.0,3.5,20.0,0.5,0.06,0.125,42.13
South,1882,300000,15.0,15.5,1.5,1.0,180.0,1.0,0.2,60.0,3.6,92.0,1.0,3.5,20.0,0.5,0.06,0.125,42.13
South,1883,300000,15.0,15.5,1.5,1.0,180.0,1.0,0.2,60.0,3.6,92.0,1.0,3.5,20.0,0.5,0.06,0.125,42.13
South,1884,300000,15.0,15.5,1.5,1.0,180.0,1.0,0.2,60.0,3.6,92.0,1.0,3.5,20.0,0.5,0.06,0.125,42.13
South,1885,300000,15.0,15.5,1.5,1.0,180.0,1.0,0.2,60.0,3.6,92.0,1.0,3.5,20.0,0.5,0.06,0.125,42.13
South,1886,300000,15.0,15.5,1.5,1.0,180.0,1.0,0.2,60.0,3.6,92.0,1.0,3.5,20.0,0.5,0.06,0.125,42.13
South,1887,300000,15.0,15.5,1.5,1.0,180.0,1.0,0.2,60.0,3.6,92.0,1.0,3.5,20.0,0.5,0.06,0.125,42.13
South,1888,300000,15.0,15.5,1.5,1.0,180.0,1.0,0.2,60.0,3.6,92.0,1.0,3.5,20.0,0.5,0.06,0.125,42.13
South,1889,300000,15.0,15.5,1.5,1.0,180.0,1.0,0.2,60.0,3.6,92.0,1.0,3.5,20.0,0.5,0.06,0.125,42.13
South,1890,300000,15.0,15.5,1.5,1.0,180.0,1.0,0.2,60.0,3.6,92.0,1.0,3.5,20.0,0.5,0.06,0.125,42.13
South,1891,300000,15.0,15.5,1.5,1.0,180.0,1.0,0.2,60.0,3.6,92.0,1.0,3.5,20.0,0.5,0.06,0.125,42.13
South,1892,300000,15.0,15.5,1.5,1.0,180.0,1.0,0.2,60.0,3.6,92.0,1.0,3.5,20.0,0.5,0.06,0.125,42.13
South,1893,300000,15.0,15.5,1.5,1.0,180.0,1.0,0.2,60.0,3.6,92.0,1.0,3.5,20.0,0.5,0.06,0.125,42.13
South,1894,300000,15.0,15.5,1.5,1.0,180.0,1.0,0.2,60.0,3.6,92.0,1.0,3.5,20.0,0.5,0.06,0.125,42.13
South,1895,300000,15.0,15.5,1.5,1.0,180.0,1.0,0.2,60.0,3.6,92.0,1.0,3.5,20.0,0.5,0.06,0.125,42.13
South,1896,300000,15.0,15.5,1.5,1.0,180.0,1.0,0.2,60.0,3.6,92.0,1.0,3.5,20.0,0.5,0.06,0.125,42.13
South,1897,300000,15.0,15.5,1.5,1.0,180.0,1.0,0.2,60.0,3.6,92.0,1.0,3.5,20.0,0.5,0.06,0.125,42.13
South,1898,300000,15.0,15.5,1.5,1.0,180.0,1.0,0.2,60.0,3.6,92.0,1.0,3.5,20.0,0.5,0.06,0.125,42.13
South,1899,300000,15.0,15.5,1.5,1.0,180.0,1.0,0.2,60.0,3.6,92.0,1.0,3.5,20.0,0.5,0.06,0.125,42.13
South,1900,300000,15.0,15.5,1.5,1.0,180.0,1.0,0.2,60.0,3.6,92.0,1.0,3.5,20.0,0.5,0.06,0.125,42.13
South,1901,300000,15.0,15.5,1.5,1.0,180.0,1.0,0.2,60.0,3.6,92.0,1.0,3.5,20.0,0.5,0.06,0.125,42.13
South,1902,300000,15.0,15.5,1.5,1.0,180.0,1.0,0.2,60.0,3.6,92.0,1.0,3.5,20.0,0.5,0.06,0.125,42.13
South,1903,300000,15.0,15.5,1.5,1.0,180.0,1.0,0.2,60.0,3.6,92.0,1.0,3.5,20.0,0.5,0.06,0.125,42.13
South,1904,300000,15.0,15.5,1.5,1.0,180.0,1.0,0.2,60.0,3.6,92.0,1.0,3.5,20.0,0.5,0.06,0.125,42.13
South,1905,300000,15.0,15.5,1.5,1.0,180.0,1.0,0.2,60.0,3.6,92.0,1.0,3.5,20.0,0.5,0.06,0.125,42.13
South,1906,300000,16.0,16.5,1.5,1.0,180.0,1.0,0.2,60.0,3.6,92.0,1.0,3.5,20.0,0.5,0.06,0.125,42.13
South,1907,300000,17.0,17.5,1.5,1.0,180.0,1.0,0.2,60.0,3.6,92.0,1.0,3.5,20.0,0.5,0.06,0.125,42.13
South,1908,300000,18.0,18.5,1.5,1.0,180.0,1.0,0.2,60.0,3.6,92.0,1.0,3.5,20.0,0.5,0.06,0.125,42.13
South,1909,300000,19.0,19.6,1.5,1.0,180.0,1.0,0.2,60.0,3.6,92.0,1.0,3.5,20.0,0.5,0.06,0.125,42.13
South,1910,300000,20.0,20.6,1.5,1.0,180.0,1.0,0.2,60.0,3.6,92.0,1.0,3.5,20.0,0.5,0.06,0.125,42.13
South,1911,300000,21.0,21.6,1.5,1.0,180.0,1.0,0.2,60.0,3.6,92.0,1.0,3.5,20.0,0.5,0.06,0.125,42.13
South,1912,300000,22.0,22.7,1.5,1.0,180.0,1.0,0.2,60.0,3.6,92.0,1.0,3.5,20.0,0.5,0.06,0.125,42.13
South,1913,300000,23.0,23.7,1.5,1.0,180.0,1.0,0.2,60.0,3.6,92.0,1.0,3.5,20.0,0.5,0.06,0.125,42.13
South,1914,300000,24.0,24.7,1.5,1.0,180.0,1.0,0.2,60.0,3.6,92.0,1.0,3.5,20.0,0.5,0.06,0.125,42.13
South,1915,300000,25.0,25.8,1.5,1.0,180.0,1.0,0.2,60.0,3.6,92.0,1.17,3.5,20.0,0.5,0.06,0.125,42.16
South,1916,300000,26.0,26.8,1.5,1.0,180.0,1.0,0.2,60.0,3.6,92.0,1.47,3.5,20.0,0.5,0.06,0.125,42.21
South,1917,300000,27.0,27.8,1.5,1.0,180.0,1.0,0.2,60.0,3.6,92.0,1.76,3.5,20.0,0.5,0.06,0.125,42.27
South,1918,300000,28.0,28.8,1.5,1.0,180.0,1.0,0.2,60.0,3.6,92.0,2.06,3.5,20.0,0.5,0.06,0.125,42.32
South,1919,300000,29.0,29.9,1.5,1.0,180.0,1.0,0.2,60.0,3.6,92.0,2.35,3.5,20.0,0.5,0.06,0.125,42.37
South,1920,300000,30.0,30.9,1.5,1.0,180.0,1.0,0.2,60.0,3.6,92.0,2.64,3.5,20.0,0.5,0.06,0.125,42.42
South,1921,300000,31.0,31.9,1.5,1.0,180.0,1.0,0.2,60.0,3.6,92.0,2.94,3.5,20.0,0.5,0.06,0.125,42.48
South,1922,300000,32.0,33.0,1.5,1.0,180.0,1.0,0.2,60.0,3.6,92.0,3.23,3.5,20.0,0.5,0.06,0.125,42.53
South,1923,300000,33.0,34.0,1.5,1.0,180.0,1.0,0.2,60.0,3.6,92.0,3.53,3.5,20.0,0.5,0.06,0.125,42.58
South,1924,300000,34.0,35.0,1.5,1.0,180.0,1.0,0.2,60.0,3.6,92.0,3.82,3.5,20.0,0.5,0.06,0.125,42.64
South,1925,300000,35.0,36.1,1.5,1.0,180.0,1.0,0.2,60.0,3.6,92.0,4.11,3.5,20.0,0.5,0.06,0.125,42.69
South,1926,300000,36.0,37.1,1.5,1.0,180.0,1.0,0.2,60.0,3.6,92.0,4.41,3.5,20.0,0.5,0.06,0.125,42.74
South,1927,300000,37.0,38.1,1.5,1.0,180.0,1.0,0.2,60.0,3.6,92.0,4.7,3.5,20.0,0.5,0.06,0.125,42.79
South,1928,300000,38.0,39.1,1.5,1.0,180.0,1.0,0.2,60.0,3.6,92.0,5.0,3.5,20.0,0.5,0.06,0.125,42.85
South,1929,300000,39.0,40.2,1.5,1.0,180.0,1.0,0.2,60.0,3.6,92.0,5.29,3.5,20.0,0.5,0.06,0.125,42.9
South,1930,300000,40.0,41.2,1.5,1.0,180.0,1.0,0.2,60.0,3.6,92.0,5.58,3.5,20.0,0.5,0.06,0.125,42.95
South,1931,300000,41.0,42.2,1.5,1.0,180.0,1.0,0.2,60.0,3.6,92.0,5.88,3.5,20.0,0.5,0.06,0.125,43.01
South,1932,300000,42.0,43.3,1.5,1.0,180.0,1.0,0.2,60.0,3.6,92.0,6.17,3.5,20.0,0.5,0.06,0.125,43.06
South,1933,300000,43.0,44.3,1.5,1.0,180.0,1.0,0.2,60.0,3.6,92.0,6.47,3.5,20.0,0.5,0.06,0.125,43.11
South,1934,300000,44.0,45.3,1.5,1.0,180.0,1.0,0.2,60.0,3.6,92.0,6.76,3.5,20.0,0.5,0.06,0.125,43.16
South,1935,300000,45.0,46.4,1.5,1.0,180.0,1.0,0.2,60.0,3.6,92.0,7.05,3.5,20.0,0.5,0.06,0.125,43.22
South,1936,300000,46.0,47.4,1.5,1.0,180.0,1.0,0.2,60.0,3.6,92.0,7.35,3.5,20.0,0.5,0.06,0.125,43.27
South,1937,300000,47.0,48.4,1.5,1.0,180.0,1.0,0.2,60.0,3.6,92.0,7.64,3.5,20.0,0.5,0.06,0.125,43.32
South,1938,300000,48.0,49.4,1.5,1.0,180.0,1.0,0.2,60.0,3.6,92.0,7.93,3.5,20.0,0.5,0.06,0.125,43.38
South,1939,300000,49.0,50.5,1.5,1.0,180.0,1.0,0.2,60.0,3.6,92.0,8.23,3.5,20.0,0.5,0.06,0.125,43.43
South,1940,300000,50.0,51.5,1.5,1.0,180.0,1.0,0.2,60.0,3.6,92.0,8.52,3.5,20.0,0.5,0.06,0.125,43.48
South,1941,300000,51.0,52.5,1.5,1.0,180.0,1.0,0.2,60.0,3.6,92.0,8.82,3.5,20.0,0.5,0.06,0.125,43.54
South,1942,300000,52.0,53.6,1.5,1.0,180.0,1.0,0.2,60.0,3.6,92.0,9.11,3.5,20.0,0.5,0.06,0.125,43.59
South,1943,300000,53.0,54.6,1.5,1.0,180.0,1.0,0.2,60.0,3.6,92.0,9.4,3.5,20.0,0.5,0.06,0.125,43.64
South,1944,300000,54.0,55.6,1.5,1.0,180.0,1.0,0.2,60.0,3.6,92.0,9.7,3.5,20.0,0.5,0.06,0.125,43.69
South,1945,300000,55.0,56.7,1.5,1.0,180.0,1.0,0.2,60.0,3.6,92.0,9.99,3.5,20.0,0.5,0.06,0.125,43.75
South,1946,300000,56.0,57.7,1.5,1.0,180.0,1.0,0.2,60.0,3.6,92.0,10.29,3.5,20.0,0.5,0.06,0.125,43.8
South,1947,300000,57.0,58.7,1.5,1.0,180.0,1.0,0.2,60.0,3.6,92.0,10.58,3.5,20.0,0.5,0.06,0.125,43.85
South,1948,300000,58.0,59.7,1.5,1.0,180.0,1.0,0.2,60.0,3.6,92.0,10.87,3.5,20.0,0.5,0.06,0.125,43.91
South,1949,300000,59.0,60.8,1.5,1.0,180.0,1.0,0.2,60.0,3.6,92.0,11.17,3.5,20.0,0.5,0.06,0.125,43.96
South,1950,300000,60.0,61.8,1.5,1.0,180.0,1.0,0.2,60.0,3.6,92.0,11.46,3.5,20.0,0.5,0.06,0.125,44.01
South,1951,300000,61.0,62.8,1.5,1.0,180.0,1.0,0.2,60.0,3.6,92.0,11.76,3.5,20.0,0.5,0.06,0.125,44.06
South,1952,300000,62.0,63.9,1.5,1.0,180.0,1.0,0.2,60.0,3.6,92.0,12.05,3.5,20.0,0.5,0.06,0.125,44.12
South,1953,300000,63.0,64.9,1.5,1.0,180.0,1.0,0.2,60.0,3.6,92.0,12.34,3.5,20.0,0.5,0.06,0.125,44.17
South,1954,300000,64.0,65.9,1.5,1.0,180.0,1.0,0.2,60.0,3.6,92.0,12.64,3.5,20.0,0.5,0.06,0.125,44.22
South,1955,300000,65.0,67.0,1.5,1.0,180.0,1.0,0.2,60.0,3.6,92.0,12.93,3.5,20.0,0.5,0.06,0.125,44.28
South,1956,300000,66.0,68.0,1.5,1.0,180.0,1.0,0.2,60.0,3.6,92.0,13.23,3.5,20.0,0.5,0.06,0.125,44.33
South,1957,300000,67.0,69.0,1.5,1.0,180.0,1.0,0.2,60.0,3.6,92.0,13.52,3.5,20.0,0.5,0.06,0.125,44.38
South,1958,300000,68.0,70.0,1.5,1.0,180.0,1.0,0.2,60.0,3.6,92.0,13.81,3.5,20.0,0.5,0.06,0.125,44.43
South,1959,300000,69.0,71.1,1.5,1.0,180.0,1.0,0.2,60.0,3.6,92.0,14.11,3.5,20.0,0.5,0.06,0.125,44.49
South,1960,350000,70.0,72.1,2.0,2.0,250.0,1.0,0.2,80.0,6.4,90.0,12.9,4.0,24.0,0.6,0.08,0.144,44.81
South,1961,350000,71.0,73.1,2.0,2.0,250.0,1.0,0.2,80.0,6.4,90.0,13.22,4.0,24.0,0.6,0.08,0.144,44.87
South,1962,350000,72.0,74.2,2.0,2.0,250.0,1.0,0.2,80.0,6.4,90.0,13.54,4.0,24.0,0.6,0.08,0.144,44.93
South,1963,350000,73.0,75.2,2.0,2.0,250.0,1.0,0.2,80.0,6.4,90.0,13.86,4.0,24.0,0.6,0.08,0.144,44.99
South,1964,350000,74.0,76.2,2.0,2.0,250.0,1.0,0.2,80.0,6.4,90.0,14.18,4.0,24.0,0.6,0.08,0.144,45.04
South,1965,350000,75.0,77.2,2.0,2.0,250.0,1.0,0.2,80.0,6.4,90.0,14.51,4.0,24.0,0.6,0.08,0.144,45.1
South,1966,350000,76.0,78.3,2.0,2.0,250.0,1.0,0.2,80.0,6.4,90.0,14.83,4.0,24.0,0.6,0.08,0.144,45.16
South,1967,350000,77.0,79.3,2.0,2.0,250.0,1.0,0.2,80.0,6.4,90.0,15.15,4.0,24.0,0.6,0.08,0.144,45.22
South,1968,350000,78.0,80.3,2.0,2.0,250.0,1.0,0.2,80.0,6.4,90.0,15.47,4.04,24.0,0.6,0.08,0.144,45.3
South,1969,350000,79.0,81.4,2.0,2.0,250.0,1.0,0.2,80.0,6.4,90.0,15.8,4.48,24.0,0.6,0.08,0.144,45.62
South,1970,350000,80.0,82.4,2.0,2.0,250.0,1.0,0.2,80.0,6.4,90.0,16.12,4.92,24.0,0.685,0.08,0.164,45.81
South,1971,350000,81.0,83.4,2.0,2.0,250.0,1.0,0.2,80.0,6.4,90.0,16.44,5.36,24.0,0.791,0.08,0.19,45.96
South,1972,350000,82.0,84.5,2.0,2.0,250.0,1.0,0.2,80.0,6.4,90.0,16.76,5.79,24.0,0.928,0.08,0.223,46.07
South,1973,350000,83.0,85.5,2.0,2.0,250.0,1.0,0.2,80.0,6.4,90.0,17.09,6.23,24.0,1.089,0.08,0.261,46.13
South,1974,350000,84.0,86.5,2.0,2.0,250.0,1.0,0.2,80.0,6.4,90.0,17.41,6.67,24.0,1.236,0.08,0.297,46.22
South,1975,350000,85.0,87.5,2.0,2.0,250.0,1.0,0.2,80.0,6.4,90.0,17.73,7.11,24.0,1.321,0.08,0.317,46.41
South,1976,350000,86.0,88.6,2.0,2.0,250.0,1.0,0.2,80.0,6.4,90.0,18.05,7.54,24.0,1.488,0.08,0.357,46.47
South,1977,350000,87.0,89.6,2.0,2.0,250.0,1.0,0.2,80.0,6.4,90.0,18.38,7.98,24.0,1.579,0.08,0.379,46.64
South,1978,350000,88.0,90.6,2.0,2.0,250.0,1.0,0.2,80.0,6.4,90.0,18.7,8.42,24.0,1.599,0.08,0.384,46.93
South,1979,350000,89.0,91.7,2.0,2.0,250.0,1.0,0.2,80.0,6.4,90.0,19.02,8.86,24.0,1.789,0.08,0.429,46.96
South,1980,350000,90.0,92.7,3.0,2.9,250.0,1.0,0.2,80.0,6.4,90.0,19.34,9.29,24.0,1.87,0.08,0.449,47.15
South,1981,400000,91.0,93.7,4.0,3.9,250.0,1.0,0.2,80.0,6.4,90.0,19.67,9.73,24.0,1.906,0.08,0.458,47.41
South,1982,480000,92.0,94.8,5.0,4.9,250.0,1.0,0.2,110.0,8.8,90.0,19.99,10.17,24.0,1.988,0.08,0.477,47.6
South,1983,560000,93.0,95.8,6.0,5.9,360.0,1.0,0.2,140.0,11.2,90.0,20.31,10.6,24.0,2.064,0.08,0.495,47.8
South,1984,640000,94.0,96.8,7.0,6.9,480.0,1.0,0.2,170.0,13.6,90.0,20.63,11.04,24.0,2.214,0.08,0.531,47.89
South,1985,720000,95.0,97.8,8.0,7.8,600.0,1.0,0.2,200.0,16.0,90.0,20.95,11.48,25.0,2.301,0.08,0.552,48.07
South,1986,800000,96.0,98.9,9.0,8.8,720.0,1.0,0.2,230.0,18.4,90.0,21.28,11.92,26.0,2.347,0.08,0.563,48.32
South,1987,880000,97.0,99.9,10.0,9.8,840.0,1.0,0.2,260.0,20.8,90.0,21.6,12.35,27.0,2.439,0.08,0.585,48.5
South,1988,960000,98.0,100.9,11.0,10.8,960.0,1.0,0.2,290.0,23.2,90.0,21.92,12.79,28.0,2.546,0.08,0.611,48.65
South,1989,1040000,99.0,102.0,12.0,11.8,1080.0,1.0,0.2,320.0,25.6,90.0,22.24,13.23,29.0,2.634,0.08,0.632,48.83
South,1990,1120000,100.0,103.0,13.0,12.7,1200.0,1.0,0.2,350.0,28.0,90.0,22.57,13.67,30.0,2.734,0.08,0.656,48.99
South,1991,1200000,101.0,104.0,14.0,13.7,1320.0,1.0,0.2,380.0,30.4,90.0,23.04,14.22,31.0,2.774,0.08,0.666,49.35
South,1992,1280000,102.0,105.1,15.0,14.7,1440.0,1.0,0.2,410.0,32.8,90.0,23.28,14.59,32.0,2.848,0.096,0.683,49.5
South,1993,1360000,103.0,106.1,16.0,15.7,1560.0,1.0,0.2,440.0,35.2,90.0,24.08,15.41,33.0,2.922,0.19,0.701,50.01
South,1994,1440000,104.0,107.1,17.0,16.7,1680.0,1.0,0.2,470.0,37.6,90.0,24.86,16.21,34.0,3.047,0.287,0.691,50.44
South,1995,1520000,105.0,108.1,18.0,17.6,1800.0,1.0,0.2,500.0,40.0,90.0,24.8,16.35,35.0,3.238,0.392,0.69,50.21
South,1996,1600000,106.0,109.2,19.0,18.6,1920.0,1.0,0.2,530.0,42.4,90.0,24.65,16.41,36.0,3.443,0.502,0.691,49.9
South,1997,1680000,107.0,110.2,20.0,19.6,2040.0,1.0,0.2,560.0,44.8,90.0,24.8,16.71,37.0,3.542,0.602,0.674,49.95
South,1998,1760000,108.0,111.2,21.0,20.6,2160.0,1.0,0.2,590.0,47.2,90.0,25.43,17.4,38.0,3.586,0.691,0.65,50.41
South,1999,1840000,109.0,112.3,22.0,21.6,2280.0,1.0,0.2,620.0,49.6,90.0,25.79,17.88,39.0,3.569,0.767,0.62,50.79
South,2000,1920000,110.0,113.3,23.0,22.5,2400.0,1.0,0.2,650.0,52.0,90.0,25.42,17.72,40.0,3.701,0.869,0.609,50.41
South,2001,2000000,111.0,114.3,24.0,23.5,2520.0,1.0,0.2,680.0,54.4,90.0,25.5,17.94,41.0,3.827,0.971,0.597,50.37
South,2002,2080000,112.0,115.4,25.0,24.5,2640.0,1.0,0.2,710.0,56.8,90.0,25.58,18.16,42.0,3.879,1.055,0.576,50.43
South,2003,2160000,113.0,116.4,26.0,25.5,2760.0,1.0,0.2,740.0,59.2,90.0,25.83,18.53,43.0,4.127,1.188,0.577,50.3
South,2004,2240000,114.0,117.4,27.0,26.5,2880.0,1.0,0.2,770.0,61.6,90.0,25.94,18.76,44.0,4.358,1.321,0.574,50.1
South,2005,2320000,115.0,118.4,28.0,27.4,3000.0,1.0,0.2,800.0,64.0,90.0,25.73,18.71,45.0,4.474,1.425,0.56,49.84
South,2006,2400000,116.0,119.5,29.0,28.4,3120.0,1.0,0.2,830.0,66.4,90.0,26.01,19.09,46.0,4.497,1.501,0.537,50.09
South,2007,2480000,117.0,120.5,30.0,29.4,3240.0,1.0,0.2,860.0,68.8,90.0,26.59,19.75,47.0,4.751,1.646,0.534,50.19
South,2008,2560000,118.0,121.5,31.0,30.4,3360.0,1.0,0.2,890.0,71.2,90.0,26.81,20.08,48.0,4.985,1.788,0.529,50.06
South,2009,2640000,119.0,122.6,32.0,31.4,3480.0,1.0,0.2,920.0,73.6,90.0,26.96,20.34,49.0,4.838,1.808,0.493,50.48
South,2010,2720000,120.0,123.6,33.0,32.3,3600.0,1.0,0.2,950.0,128.6,86.46,26.5,20.02,50.0,4.986,1.922,0.48,51.07
South,2011,2800000,121.0,124.6,34.0,33.0,3720.0,1.0,0.3,980.0,214.4,78.12,26.44,20.07,51.0,4.968,1.979,0.456,52.87
South,2012,2880000,122.0,127.0,35.0,33.5,3840.0,1.4,0.44,1010.0,305.5,69.75,26.86,20.59,52.0,5.101,2.087,0.443,54.58
South,2013,2960000,123.0,132.0,36.0,34.0,3960.0,8.6,0.53,1040.0,368.6,64.56,26.05,19.9,53.0,5.204,2.185,0.428,54.25
South,2014,3040000,124.0,137.0,37.0,34.5,4080.0,13.7,0.6,1070.0,424.4,60.34,25.36,19.32,54.0,5.332,2.293,0.414,53.81
South,2015,3120000,125.0,142.0,38.0,35.0,4200.0,35.0,0.9,1100.0,605.0,45.0,28.5,22.5,55.0,5.1,2.4,0.4,65.0
South,2016,3200000,126.0,147.0,39.0,36.0,4320.0,42.0,1.0,1130.0,678.0,40.0,28.8,22.9,56.0,5.2,2.5,0.4,66.0
South,2017,3280000,127.0,152.0,40.0,36.0,4440.0,50.0,1.2,1160.0,754.0,35.0,29.1,23.3,57.0,5.3,2.6,0.4,67.0
South,2018,3360000,128.0,157.0,41.0,37.0,4560.0,58.0,1.3,1190.0,833.0,30.0,29.4,23.7,58.0,5.4,2.7,0.3,68.0
South,2019,3440000,129.0,162.0,42.0,37.0,4680.0,67.0,1.5,1220.0,915.0,26.0,29.7,24.1,59.0,5.5,2.8,0.3,69.0
South,2020,3520000,130.0,167.0,43.0,38.0,4800.0,76.0,1.6,1250.0,1000.0,22.0,30.0,24.5,60.0,5.6,2.9,0.3,70.0
South,2021,3600000,131.0,172.0,44.0,38.0,4920.0,86.0,1.8,1280.0,1088.0,18.0,30.3,24.9,61.0,5.7,3.0,0.3,71.0
South,2022,3680000,132.0,177.0,45.0,39.0,5040.0,97.0,1.9,1310.0,1179.0,15.0,30.6,25.3,62.0,5.8,3.1,0.3,72.0
South,2023,3760000,133.0,182.0,46.0,39.0,5160.0,108.0,2.0,1340.0,1273.0,12.0,30.9,25.7,63.0,5.9,3.2,0.2,73.0
South,2024,3840000,134.0,187.0,47.0,40.0,5280.0,120.0,2.2,1370.0,1370.0,10.0,31.2,26.1,64.0,6.0,3.3,0.2,74.0
South,2025,3920000,135.0,192.0,48.0,40.0,5400.0,132.0,2.3,1400.0,1470.0,8.0,31.5,26.5,65.0,6.1,3.4,0.2,75.0
South,2026,4000000,136.0,197.0,49.0,41.0,5520.0,145.0,2.5,1430.0,1573.0,6.0,31.8,26.9,66.0,6.2,3.5,0.2,76.0
South,2027,4080000,137.0,202.0,50.0,41.0,5640.0,158.0,2.6,1460.0,1680.0,5.0,32.1,27.3,67.0,6.3,3.6,0.2,77.0
South,2028,4160000,138.0,207.0,51.0,42.0,5760.0,172.0,2.8,1490.0,1790.0,4.0,32.4,27.7,68.0,6.4,3.7,0.2,78.0
South,2029,4240000,139.0,212.0,52.0,42.0,5880.0,186.0,2.9,1520.0,1903.0,3.0,32.7,28.1,69.0,6.5,3.8,0.2,79.0
South,2030,4320000,140.0,217.0,53.0,43.0,6000.0,201.0,3.1,1550.0,2020.0,2.0,33.0,28.5,70.0,6.6,3.9,0.2,80.0
East,1800,300000,15.0,15.5,1.5,1.0,180.0,1.0,0.2,60.0,3.6,92.0,36.93,55.0,20.0,0.5,0.06,0.02,59.85
East,1801,300000,15.0,15.5,1.5,1.0,180.0,1.0,0.2,60.0,3.6,92.0,36.8,55.0,20.0,0.5,0.06,0.02,59.85
East,1802,300000,15.0,15.5,1.5,1.0,180.0,1.0,0.2,60.0,3.6,92.0,36.67,55.0,20.0,0.5,0.06,0.02,59.85
East,1803,300000,15.0,15.5,1.5,1.0,180.0,1.0,0.2,60.0,3.6,92.0,36.54,55.0,20.0,0.5,0.06,0.02,59.85
East,1804,300000,15.0,15.5,1.5,1.0,180.0,1.0,0.2,60.0,3.6,92.0,36.41,55.0,20.0,0.5,0.06,0.02,59.85
East,1805,300000,15.0,15.5,1.5,1.0,180.0,1.0,0.2,60.0,3.6,92.0,36.29,55.0,20.0,0.5,0.06,0.02,59.85
East,1806,300000,15.0,15.5,1.5,1.0,180.0,1.0,0.2,60.0,3.6,92.0,36.16,55.0,20.0,0.5,0.06,0.02,59.85
East,1807,300000,15.0,15.5,1.5,1.0,180.0,1.0,0.2,60.0,3.6,92.0,36.03,55.0,20.0,0.5,0.06,0.02,59.85
East,1808,300000,15.0,15.5,1.5,1.0,180.0,1.0,0.2,60.0,3.6,92.0,35.9,55.0,20.0,0.5,0.06,0.02,59.85
East,1809,300000,15.0,15.5,1.5,1.0,180.0,1.0,0.2,60.0,3.6,92.0,35.77,55.0,20.0,0.5,0.06,0.02,59.85
East,1810,300000,15.0,15.5,1.5,1.0,180.0,1.0,0.2,60.0,3.6,92.0,35.64,55.0,20.0,0.5,0.06,0.02,59.85
East,1811,300000,15.0,15.5,1.5,1.0,180.0,1.0,0.2,60.0,3.6,92.0,35.51,55.0,20.0,0.5,0.06,0.02,59.85
East,1812,300000,15.0,15.5,1.5,1.0,180.0,1.0,0.2,60.0,3.6,92.0,35.38,55.0,20.0,0.5,0.06,0.02,59.85
East,1813,300000,15.0,15.5,1.5,1.0,180.0,1.0,0.2,60.0,3.6,92.0,35.25,55.0,20.0,0.5,0.06,0.02,59.85
East,1814,300000,15.0,15.5,1.5,1.0,180.0,1.0,0.2,60.0,3.6,92.0,35.12,55.0,20.0,0.5,0.06,0.02,59.85
East,1815,300000,15.0,15.5,1.5,1.0,180.0,1.0,0.2,60.0,3.6,92.0,34.99,55.0,20.0,0.5,0.06,0.02,59.85
East,1816,300000,15.0,15.5,1.5,1.0,180.0,1.0,0.2,60.0,3.6,92.0,34.86,55.0,20.0,0.5,0.06,0.02,59.85
East,1817,300000,15.0,15.5,1.5,1.0,180.0,1.0,0.2,60.0,3.6,92.0,34.73,55.0,20.0,0.5,0.06,0.02,59.85
East,1818,300000,15.0,15.5,1.5,1.0,180.0,1.0,0.2,60.0,3.6,92.0,34.6,55.0,20.0,0.5,0.06,0.02,59.85
East,1819,300000,15.0,15.5,1.5,1.0,180.0,1.0,0.2,60.0,3.6,92.0,34.47,55.0,20.0,0.5,0.06,0.02,59.85
East,1820,300000,15.0,15.5,1.5,1.0,180.0,1.0,0.2,60.0,3.6,92.0,34.34,55.0,20.0,0.5,0.06,0.02,59.85
East,1821,300000,15.0,15.5,1.5,1.0,180.0,1.0,0.2,60.0,3.6,92.0,34.22,55.0,20.0,0.5,0.06,0.02,59.85
East,1822,300000,15.0,15.5,1.5,1.0,180.0,1.0,0.2,60.0,3.6,92.0,34.09,55.0,20.0,0.5,0.06,0.02,59.85
East,1823,300000,15.0,15.5,1.5,1.0,180.0,1.0,0.2,60.0,3.6,92.0,33.96,55.0,20.0,0.5,0.06,0.02,59.85
East,1824,300000,15.0,15.5,1.5,1.0,180.0,1.0,0.2,60.0,3.6,92.0,33.83,55.0,20.0,0.5,0.06,0.02,59.85
East,1825,300000,15.0,15.5,1.5,1.0,180.0,1.0,0.2,60.0,3.6,92.0,33.7,55.0,20.0,0.5,0.06,0.02,59.85
East,1826,300000,15.0,15.5,1.5,1.0,180.0,1.0,0.2,60.0,3.6,92.0,33.57,55.0,20.0,0.5,0.06,0.02,59.85
East,1827,300000,15.0,15.5,1.5,1.0,180.0,1.0,0.2,60.0,3.6,92.0,33.44,55.0,20.0,0.5,0.06,0.02,59.85
East,1828,300000,15.0,15.5,1.5,1.0,180.0,1.0,0.2,60.0,3.6,92.0,33.31,55.0,20.0,0.5,0.06,0.02,59.85
East,1829,300000,15.0,15.5,1.5,1.0,180.0,1.0,0.2,60.0,3.6,92.0,33.18,55.0,20.0,0.5,0.06,0.02,59.85
East,1830,300000,15.0,15.5,1.5,1.0,180.0,1.0,0.2,60.0,3.6,92.0,33.05,55.0,20.0,0.5,0.06,0.02,59.85
East,1831,300000,15.0,15.5,1.5,1.0,180.0,1.0,0.2,60.0,3.6,92.0,32.92,55.0,20.0,0.5,0.06,0.02,59.85
East,1832,300000,15.0,15.5,1.5,1.0,180.0,1.0,0.2,60.0,3.6,92.0,32.79,55.0,20.0,0.5,0.06,0.02,59.85
East,1833,300000,15.0,15.5,1.5,1.0,180.0,1.0,0.2,60.0,3.6,92.0,32.66,55.0,20.0,0.5,0.06,0.02,59.85
East,1834,300000,15.0,15.5,1.5,1.0,180.0,1.0,0.2,60.0,3.6,92.0,32.53,55.0,20.0,0.5,0.06,0.02,59.85
East,1835,300000,15.0,15.5,1.5,1.0,180.0,1.0,0.2,60.0,3.6,92.0,32.4,55.0,20.0,0.5,0.06,0.02,59.85
East,1836,300000,15.0,15.5,1.5,1.0,180.0,1.0,0.2,60.0,3.6,92.0,32.27,55.0,20.0,0.5,0.06,0.02,59.85
East,1837,300000,15.0,15.5,1.5,1.0,180.0,1.0,0.2,60.0,3.6,92.0,32.15,55.0,20.0,0.5,0.06,0.02,59.85
East,1838,300000,15.0,15.5,1.5,1.0,180.0,1.0,0.2,60.0,3.6,92.0,32.02,55.0,20.0,0.5,0.06,0.02,59.85
East,1839,300000,15.0,15.5,1.5,1.0,180.0,1.0,0.2,60.0,3.6,92.0,31.89,55.0,20.0,0.5,0.06,0.02,59.85
East,1840,300000,15.0,15.5,1.5,1.0,180.0,1.0,0.2,60.0,3.6,92.0,31.76,55.0,20.0,0.5,0.06,0.02,59.85
East,1841,300000,15.0,15.5,1.5,1.0,180.0,1.0,0.2,60.0,3.6,92.0,31.63,55.0,20.0,0.5,0.06,0.02,59.85
East,1842,300000,15.0,15.5,1.5,1.0,180.0,1.0,0.2,60.0,3.6,92.0,31.5,54.75,20.0,0.5,0.06,0.02,59.85
East,1843,300000,15.0,15.5,1.5,1.0,180.0,1.0,0.2,60.0,3.6,92.0,31.37,54.49,20.0,0.5,0.06,0.02,59.85
East,1844,300000,15.0,15.5,1.5,1.0,180.0,1.0,0.2,60.0,3.6,92.0,31.24,54.24,20.0,0.5,0.06,0.02,59.85
East,1845,300000,15.0,15.5,1.5,1.0,180.0,1.0,0.2,60.0,3.6,92.0,31.11,53.98,20.0,0.5,0.06,0.02,59.85
East,1846,300000,15.0,15.5,1.5,1.0,180.0,1.0,0.2,60.0,3.6,92.0,30.98,53.72,20.0,0.5,0.06,0.02,59.85
East,1847,300000,15.0,15.5,1.5,1.0,180.0,1.0,0.2,60.0,3.6,92.0,30.85,53.46,20.0,0.5,0.06,0.02,59.85
East,1848,300000,15.0,15.5,1.5,1.0,180.0,1.0,0.2,60.0,3.6,92.0,30.72,53.2,20.0,0.5,0.06,0.02,59.85
East,1849,300000,15.0,15.5,1.5,1.0,180.0,1.0,0.2,60.0,3.6,92.0,30.59,52.95,20.0,0.5,0.06,0.02,59.85
East,1850,300000,15.0,15.5,1.5,1.0,180.0,1.0,0.2,60.0,3.6,92.0,30.46,52.69,20.0,0.5,0.06,0.02,59.85
East,1851,300000,15.0,15.5,1.5,1.0,180.0,1.0,0.2,60.0,3.6,92.0,30.33,52.43,20.0,0.5,0.06,0.02,59.85
East,1852,300000,15.0,15.5,1.5,1.0,180.0,1.0,0.2,60.0,3.6,92.0,30.2,52.17,20.0,0.5,0.06,0.02,59.85
East,1853,300000,15.0,15.5,1.5,1.0,180.0,1.0,0.2,60.0,3.6,92.0,30.08,51.91,20.0,0.5,0.06,0.02,59.85
East,1854,300000,15.0,15.5,1.5,1.0,180.0,1.0,0.2,60.0,3.6,92.0,29.95,51.65,20.0,0.5,0.06,0.02,59.85
East,1855,300000,15.0,15.5,1.5,1.0,180.0,1.0,0.2,60.0,3.6,92.0,29.82,51.4,20.0,0.5,0.06,0.02,59.85
East,1856,300000,15.0,15.5,1.5,1.0,180.0,1.0,0.2,60.0,3.6,92.0,29.69,51.14,20.0,0.5,0.06,0.02,59.85
East,1857,300000,15.0,15.5,1.5,1.0,180.0,1.0,0.2,60.0,3.6,92.0,29.56,50.88,20.0,0.5,0.06,0.02,59.85
East,1858,300000,15.0,15.5,1.5,1.0,180.0,1.0,0.2,60.0,3.6,92.0,29.43,50.62,20.0,0.5,0.06,0.02,59.85
East,1859,300000,15.0,15.5,1.5,1.0,180.0,1.0,0.2,60.0,3.6,92.0,29.3,50.36,20.0,0.5,0.06,0.02,59.85
East,1860,300000,15.0,15.5,1.5,1.0,180.0,1.0,0.2,60.0,3.6,92.0,29.17,50.1,20.0,0.5,0.06,0.02,59.85
East,1861,300000,15.0,15.5,1.5,1.0,180.0,1.0,0.2,60.0,3.6,92.0,29.04,49.85,20.0,0.5,0.06,0.02,59.85
East,1862,300000,15.0,15.5,1.5,1.0,180.0,1.0,0.2,60.0,3.6,92.0,28.91,49.59,20.0,0.5,0.06,0.02,59.85
East,1863,300000,15.0,15.5,1.5,1.0,180.0,1.0,0.2,60.0,3.6,92.0,28.78,49.33,20.0,0.5,0.06,0.02,59.85
East,1864,300000,15.0,15.5,1.5,1.0,180.0,1.0,0.2,60.0,3.6,92.0,28.65,49.07,20.0,0.5,0.06,0.02,59.85
East,1865,300000,15.0,15.5,1.5,1.0,180.0,1.0,0.2,60.0,3.6,92.0,28.52,48.81,20.0,0.5,0.06,0.02,59.85
East,1866,300000,15.0,15.5,1.5,1.0,180.0,1.0,0.2,60.0,3.6,92.0,28.39,48.56,20.0,0.5,0.06,0.02,59.85
East,1867,300000,15.0,15.5,1.5,1.0,180.0,1.0,0.2,60.0,3.6,92.0,28.26,48.3,20.0,0.5,0.06,0.02,59.85
East,1868,300000,15.0,15.5,1.5,1.0,180.0,1.0,0.2,60.0,3.6,92.0,28.14,48.04,20.0,0.5,0.06,0.02,59.85
East,1869,300000,15.0,15.5,1.5,1.0,180.0,1.0,0.2,60.0,3.6,92.0,28.01,47.78,20.0,0.5,0.06,0.02,59.85
East,1870,300000,15.0,15.5,1.5,1.0,180.0,1.0,0.2,60.0,3.6,92.0,27.88,47.52,20.0,0.5,0.06,0.02,59.85
East,1871,300000,15.0,15.5,1.5,1.0,180.0,1.0,0.2,60.0,3.6,92.0,27.75,47.26,20.0,0.5,0.06,0.02,59.85
East,1872,300000,15.0,15.5,1.5,1.0,180.0,1.0,0.2,60.0,3.6,92.0,27.62,47.01,20.0,0.5,0.06,0.02,59.85
East,1873,300000,15.0,15.5,1.5,1.0,180.0,1.0,0.2,60.0,3.6,92.0,27.49,46.75,20.0,0.5,0.06,0.02,59.85
East,1874,300000,15.0,15.5,1.5,1.0,180.0,1.0,0.2,60.0,3.6,92.0,27.36,46.49,20.0,0.5,0.06,0.02,59.85
East,1875,300000,15.0,15.5,1.5,1.0,180.0,1.0,0.2,60.0,3.6,92.0,27.23,46.23,20.0,0.5,0.06,0.02,59.85
East,1876,300000,15.0,15.5,1.5,1.0,180.0,1.0,0.2,60.0,3.6,92.0,27.1,45.97,20.0,0.5,0.06,0.02,59.85
East,1877,300000,15.0,15.5,1.5,1.0,180.0,1.0,0.2,60.0,3.6,92.0,26.97,45.71,20.0,0.5,0.06,0.02,59.85
East,1878,300000,15.0,15.5,1.5,1.0,180.0,1.0,0.2,60.0,3.6,92.0,26.84,45.46,20.0,0.5,0.06,0.02,59.85
East,1879,300000,15.0,15.5,1.5,1.0,180.0,1.0,0.2,60.0,3.6,92.0,26.71,45.2,20.0,0.5,0.06,0.02,59.85
East,1880,300000,15.0,15.5,1.5,1.0,180.0,1.0,0.2,60.0,3.6,92.0,26.58,44.94,20.0,0.5,0.06,0.02,59.85
East,1881,300000,15.0,15.5,1.5,1.0,180.0,1.0,0.2,60.0,3.6,92.0,26.45,44.68,20.0,0.5,0.06,0.02,59.85
East,1882,300000,15.0,15.5,1.5,1.0,180.0,1.0,0.2,60.0,3.6,92.0,26.32,44.42,20.0,0.5,0.06,0.02,59.85
East,1883,300000,15.0,15.5,1.5,1.0,180.0,1.0,0.2,60.0,3.6,92.0,26.19,44.17,20.0,0.5,0.06,0.02,59.85
East,1884,300000,15.0,15.5,1.5,1.0,180.0,1.0,0.2,60.0,3.6,92.0,26.07,43.91,20.0,0.5,0.06,0.02,59.85
East,1885,300000,15.0,15.5,1.5,1.0,180.0,1.0,0.2,60.0,3.6,92.0,25.94,43.65,20.0,0.5,0.06,0.02,59.85
East,1886,300000,15.0,15.5,1.5,1.0,180.0,1.0,0.2,60.0,3.6,92.0,25.81,43.39,20.0,0.5,0.06,0.02,59.85
East,1887,300000,15.0,15.5,1.5,1.0,180.0,1.0,0.2,60.0,3.6,92.0,25.68,43.13,20.0,0.5,0.06,0.02,59.85
East,1888,300000,15.0,15.5,1.5,1.0,180.0,1.0,0.2,60.0,3.6,92.0,25.55,42.87,20.0,0.5,0.06,0.02,59.85
East,1889,300000,15.0,15.5,1.5,1.0,180.0,1.0,0.2,60.0,3.6,92.0,25.42,42.62,20.0,0.5,0.06,0.02,59.85
East,1890,300000,15.0,15.5,1.5,1.0,180.0,1.0,0.2,60.0,3.6,92.0,25.29,42.36,20.0,0.5,0.06,0.02,59.85
East,1891,300000,15.0,15.5,1.5,1.0,180.0,1.0,0.2,60.0,3.6,92.0,25.16,42.1,20.0,0.5,0.06,0.02,59.85
East,1892,300000,15.0,15.5,1.5,1.0,180.0,1.0,0.2,60.0,3.6,92.0,25.03,41.84,20.0,0.5,0.06,0.02,59.85
East,1893,300000,15.0,15.5,1.5,1.0,180.0,1.0,0.2,60.0,3.6,92.0,24.9,41.58,20.0,0.5,0.06,0.02,59.85
East,1894,300000,15.0,15.5,1.5,1.0,180.0,1.0,0.2,60.0,3.6,92.0,24.77,41.33,20.0,0.5,0.06,0.02,59.85
East,1895,300000,15.0,15.5,1.5,1.0,180.0,1.0,0.2,60.0,3.6,92.0,24.64,41.07,20.0,0.5,0.06,0.02,59.85
East,1896,300000,15.0,15.5,1.5,1.0,180.0,1.0,0.2,60.0,3.6,92.0,24.51,40.81,20.0,0.5,0.06,0.02,59.85
East,1897,300000,15.0,15.5,1.5,1.0,180.0,1.0,0.2,60.0,3.6,92.0,24.38,40.55,20.0,0.5,0.06,0.02,59.85
East,1898,300000,15.0,15.5,1.5,1.0,180.0,1.0,0.2,60.0,3.6,92.0,24.25,40.29,20.0,0.5,0.06,0.02,59.85
East,1899,300000,15.0,15.5,1.5,1.0,180.0,1.0,0.2,60.0,3.6,92.0,24.12,40.03,20.0,0.5,0.06,0.02,59.85
East,1900,300000,15.0,15.5,1.5,1.0,180.0,1.0,0.2,60.0,3.6,92.0,24.0,39.78,20.0,0.5,0.06,0.02,59.85
East,1901,300000,15.0,15.5,1.5,1.0,180.0,1.0,0.2,60.0,3.6,92.0,23.87,39.52,20.0,0.5,0.06,0.02,59.85
East,1902,300000,15.0,15.5,1.5,1.0,180.0,1.0,0.2,60.0,3.6,92.0,23.74,39.26,20.0,0.5,0.06,0.02,59.85
East,1903,300000,15.0,15.5,1.5,1.0,180.0,1.0,0.2,60.0,3.6,92.0,23.61,39.0,20.0,0.5,0.06,0.02,59.85
East,1904,300000,15.0,15.5,1.5,1.0,180.0,1.0,0.2,60.0,3.6,92.0,23.48,38.74,20.0,0.5,0.06,0.02,59.85
East,1905,300000,15.0,15.5,1.5,1.0,180.0,1.0,0.2,60.0,3.6,92.0,23.35,38.48,20.0,0.5,0.06,0.02,59.85
East,1906,300000,15.0,15.5,1.5,1.0,180.0,1.0,0.2,60.0,3.6,92.0,23.22,38.23,20.0,0.5,0.06,0.02,59.85
East,1907,300000,15.0,15.5,1.5,1.0,180.0,1.0,0.2,60.0,3.6,92.0,23.09,37.97,20.0,0.5,0.06,0.02,59.85
East,1908,300000,15.0,15.5,1.5,1.0,180.0,1.0,0.2,60.0,3.6,92.0,22.96,37.71,20.0,0.5,0.06,0.02,59.85
East,1909,300000,15.0,15.5,1.5,1.0,180.0,1.0,0.2,60.0,3.6,92.0,22.83,37.45,20.0,0.5,0.06,0.02,59.85
East,1910,300000,15.0,15.5,1.5,1.0,180.0,1.0,0.2,60.0,3.6,92.0,22.7,37.19,20.0,0.5,0.06,0.02,59.85
East,1911,300000,15.0,15.5,1.5,1.0,180.0,1.0,0.2,60.0,3.6,92.0,22.57,36.94,20.0,0.5,0.06,0.02,59.85
East,1912,300000,15.0,15.5,1.5,1.0,180.0,1.0,0.2,60.0,3.6,92.0,22.44,36.68,20.0,0.5,0.06,0.02,59.85
East,1913,300000,15.0,15.5,1.5,1.0,180.0,1.0,0.2,60.0,3.6,92.0,22.31,36.42,20.0,0.5,0.06,0.02,59.85
East,1914,300000,15.0,15.5,1.5,1.0,180.0,1.0,0.2,60.0,3.6,92.0,22.18,36.16,20.0,0.5,0.06,0.02,59.85
East,1915,300000,15.0,15.5,1.5,1.0,180.0,1.0,0.2,60.0,3.6,92.0,22.05,35.9,20.0,0.5,0.06,0.02,59.85
East,1916,300000,15.0,15.5,1.5,1.0,180.0,1.0,0.2,60.0,3.6,92.0,21.93,35.64,20.0,0.5,0.06,0.02,59.85
East,1917,300000,15.0,15.5,1.5,1.0,180.0,1.0,0.2,60.0,3.6,92.0,21.8,35.39,20.0,0.5,0.06,0.02,59.85
East,1918,300000,15.0,15.5,1.5,1.0,180.0,1.0,0.2,60.0,3.6,92.0,21.67,35.13,20.0,0.5,0.06,0.02,59.85
East,1919,300000,15.0,15.5,1.5,1.0,180.0,1.0,0.2,60.0,3.6,92.0,21.54,34.87,20.0,0.5,0.06,0.02,59.85
East,1920,300000,15.0,15.5,1.5,1.0,180.0,1.0,0.2,60.0,3.6,92.0,21.41,34.61,20.0,0.5,0.06,0.02,59.85
East,1921,300000,15.0,15.5,1.5,1.0,180.0,1.0,0.2,60.0,3.6,92.0,21.28,34.35,20.0,0.5,0.06,0.02,59.85
East,1922,300000,15.0,15.5,1.5,1.0,180.0,1.0,0.2,60.0,3.6,92.0,21.15,34.09,20.0,0.5,0.06,0.02,59.85
East,1923,300000,15.0,15.5,1.5,1.0,180.0,1.0,0.2,60.0,3.6,92.0,21.02,33.84,20.0,0.5,0.06,0.02,59.85
East,1924,300000,15.0,15.5,1.5,1.0,180.0,1.0,0.2,60.0,3.6,92.0,20.89,33.58,20.0,0.5,0.06,0.02,59.85
East,1925,300000,15.0,15.5,1.5,1.0,180.0,1.0,0.2,60.0,3.6,92.0,20.76,33.32,20.0,0.5,0.06,0.02,59.85
East,1926,300000,15.0,15.5,1.5,1.0,180.0,1.0,0.2,60.0,3.6,92.0,20.63,33.06,20.0,0.5,0.06,0.02,59.85
East,1927,300000,15.0,15.5,1.5,1.0,180.0,1.0,0.2,60.0,3.6,92.0,20.5,32.8,20.0,0.5,0.06,0.02,59.85
East,1928,300000,15.0,15.5,1.5,1.0,180.0,1.0,0.2,60.0,3.6,92.0,20.37,32.55,20.0,0.5,0.06,0.02,59.85
East,1929,300000,15.0,15.5,1.5,1.0,180.0,1.0,0.2,60.0,3.6,92.0,20.24,32.29,20.0,0.5,0.06,0.02,59.85
East,1930,300000,15.0,15.5,1.5,1.0,180.0,1.0,0.2,60.0,3.6,92.0,20.11,32.03,20.0,0.5,0.06,0.02,59.85
East,1931,300000,15.0,15.5,1.5,1.0,180.0,1.0,0.2,60.0,3.6,92.0,19.98,31.77,20.0,0.5,0.06,0.02,59.85
East,1932,300000,15.0,15.5,1.5,1.0,180.0,1.0,0.2,60.0,3.6,92.0,19.86,31.51,20.0,0.5,0.06,0.02,59.85
East,1933,300000,15.0,15.5,1.5,1.0,180.0,1.0,0.2,60.0,3.6,92.0,19.73,31.25,20.0,0.5,0.06,0.02,59.85
East,1934,300000,15.3,15.8,1.5,1.0,180.0,1.0,0.2,60.0,3.6,92.0,19.6,31.0,20.0,0.5,0.06,0.02,59.85
East,1935,300000,16.2,16.7,1.5,1.0,180.0,1.0,0.2,60.0,3.6,92.0,19.47,30.74,20.0,0.5,0.06,0.02,59.85
East,1936,300000,17.1,17.6,1.5,1.0,180.0,1.0,0.2,60.0,3.6,92.0,19.34,30.48,20.0,0.5,0.06,0.02,59.85
East,1937,300000,18.0,18.6,1.5,1.0,180.0,1.0,0.2,60.0,3.6,92.0,19.21,30.22,20.0,0.5,0.06,0.02,59.85
East,1938,300000,18.9,19.5,1.5,1.0,180.0,1.0,0.2,60.0,3.6,92.0,19.08,29.96,20.0,0.5,0.06,0.02,59.85
East,1939,300000,19.8,20.4,1.5,1.0,180.0,1.0,0.2,60.0,3.6,92.0,18.95,29.71,20.0,0.5,0.06,0.02,59.85
East,1940,300000,20.7,21.3,1.5,1.0,180.0,1.0,0.2,60.0,3.6,92.0,18.82,29.45,20.0,0.5,0.06,0.02,59.85
East,1941,300000,21.6,22.2,1.5,1.0,180.0,1.0,0.2,60.0,3.6,92.0,18.69,29.19,20.0,0.5,0.06,0.02,59.85
East,1942,300000,22.5,23.2,1.5,1.0,180.0,1.0,0.2,60.0,3.6,92.0,18.56,28.93,20.0,0.5,0.06,0.02,59.85
East,1943,300000,23.4,24.1,1.5,1.0,180.0,1.0,0.2,60.0,3.6,92.0,18.43,28.67,20.0,0.5,0.06,0.02,59.85
East,1944,300000,24.3,25.0,1.5,1.0,180.0,1.0,0.2,60.0,3.6,92.0,18.3,28.41,20.0,0.5,0.06,0.02,59.85
East,1945,300000,25.2,25.9,1.5,1.0,180.0,1.0,0.2,60.0,3.6,92.0,18.17,28.16,20.0,0.5,0.06,0.02,59.85
East,1946,300000,26.1,26.9,1.5,1.0,180.0,1.0,0.2,60.0,3.6,92.0,18.04,27.9,20.0,0.5,0.06,0.02,59.83
East,1947,300000,27.0,27.8,1.5,1.0,180.0,1.0,0.2,60.0,3.6,92.0,17.91,27.64,20.0,0.5,0.06,0.02,59.66
East,1948,300000,27.9,28.7,1.5,1.0,180.0,1.0,0.2,60.0,3.6,92.0,17.79,27.38,20.0,0.5,0.06,0.02,59.48
East,1949,300000,28.8,29.6,1.5,1.0,180.0,1.0,0.2,60.0,3.6,92.0,17.66,27.12,20.0,0.5,0.06,0.02,59.3
East,1950,300000,29.7,30.6,1.5,1.0,180.0,1.0,0.2,60.0,3.6,92.0,17.53,26.86,20.0,0.5,0.06,0.02,59.12
East,1951,300000,30.6,31.5,1.5,1.0,180.0,1.0,0.2,60.0,3.6,92.0,17.4,26.61,20.0,0.5,0.06,0.02,58.94
East,1952,300000,31.5,32.4,1.5,1.0,180.0,1.0,0.2,60.0,3.6,92.0,17.27,26.35,20.0,0.5,0.06,0.02,58.77
East,1953,300000,32.4,33.3,1.5,1.0,180.0,1.0,0.2,60.0,3.6,92.0,17.14,26.09,20.0,0.5,0.06,0.02,58.59
East,1954,300000,33.3,34.3,1.5,1.0,180.0,1.0,0.2,60.0,3.6,92.0,17.01,25.83,21.0,0.5,0.06,0.02,58.41
East,1955,300000,34.2,35.2,1.5,1.0,180.0,1.0,0.2,60.0,3.6,92.0,16.88,25.57,22.0,0.5,0.06,0.02,58.23
East,1956,300000,35.1,36.1,1.5,1.0,180.0,1.0,0.2,60.0,3.6,92.0,16.75,25.32,23.0,0.5,0.06,0.02,58.05
East,1957,300000,36.0,37.0,1.5,1.0,180.0,1.0,0.2,60.0,3.6,92.0,16.62,25.06,24.0,0.5,0.06,0.02,57.87
East,1958,300000,36.9,38.0,1.5,1.0,180.0,1.0,0.2,60.0,3.6,92.0,16.49,24.8,25.0,0.5,0.06,0.02,57.7
East,1959,300000,37.8,38.9,1.5,1.0,180.0,1.0,0.2,60.0,3.6,92.0,16.36,24.54,26.0,0.5,0.06,0.02,57.52
East,1960,350000,39.1,40.2,2.0,1.0,250.0,1.0,0.2,80.0,6.4,90.0,15.04,22.08,27.0,0.6,0.08,0.03,56.05
East,1961,350000,40.0,41.2,2.0,1.0,250.0,1.0,0.2,80.0,6.4,90.0,14.94,21.86,28.0,0.6,0.08,0.03,55.9
East,1962,350000,40.8,42.1,2.0,1.0,250.0,1.0,0.2,80.0,6.4,90.0,14.83,21.65,29.0,0.6,0.08,0.03,55.75
East,1963,350000,41.7,43.0,2.0,1.0,250.0,1.0,0.2,80.0,6.4,90.0,14.72,21.43,30.0,0.6,0.08,0.03,55.6
East,1964,350000,42.6,43.9,2.0,1.0,250.0,1.0,0.2,80.0,6.4,90.0,14.61,21.21,31.0,0.6,0.08,0.03,55.45
East,1965,350000,43.5,44.8,2.0,1.0,250.0,1.0,0.2,80.0,6.4,90.0,14.51,20.99,32.0,0.6,0.08,0.03,55.3
East,1966,350000,44.4,45.7,2.0,1.0,250.0,1.0,0.2,80.0,6.4,90.0,14.4,20.77,33.0,0.6,0.08,0.038,55.15
East,1967,350000,45.3,46.7,2.0,1.0,250.0,1.0,0.2,80.0,6.4,90.0,14.29,20.55,34.0,0.6,0.08,0.054,55.0
East,1968,350000,46.2,47.6,2.0,1.0,250.0,1.0,0.2,80.0,6.4,90.0,14.18,20.33,35.0,0.6,0.08,0.071,54.84
East,1969,350000,47.1,48.5,2.0,1.0,250.0,1.0,0.2,80.0,6.4,90.0,14.08,20.12,36.0,0.6,0.08,0.087,54.69
East,1970,350000,48.0,49.4,2.0,1.0,250.0,1.0,0.2,80.0,6.4,90.0,13.97,19.9,37.0,0.6,0.08,0.103,54.54
East,1971,350000,48.9,50.3,2.0,1.0,250.0,1.0,0.2,80.0,6.4,90.0,13.86,19.68,38.0,0.6,0.08,0.119,54.39
East,1972,350000,49.7,51.2,2.0,1.0,250.0,1.0,0.2,80.0,6.4,90.0,13.75,19.46,39.0,0.6,0.08,0.138,54.24
East,1973,350000,50.6,52.2,2.0,1.2,250.0,1.0,0.2,80.0,6.4,90.0,13.65,19.24,40.0,0.6,0.08,0.144,54.09
East,1974,350000,51.5,53.1,2.0,1.7,250.0,1.0,0.2,80.0,6.4,90.0,13.54,19.02,41.0,0.6,0.08,0.144,53.94
East,1975,350000,52.4,54.0,2.0,2.0,250.0,1.0,0.2,80.0,6.4,90.0,13.43,18.8,42.0,0.6,0.08,0.144,53.79
East,1976,350000,53.3,54.9,2.0,2.0,250.0,1.0,0.2,80.0,6.4,90.0,13.32,18.59,43.0,0.6,0.08,0.144,53.64
East,1977,350000,54.2,55.8,2.0,2.0,250.0,1.0,0.2,80.0,6.4,90.0,13.22,18.37,44.0,0.6,0.08,0.144,53.49
East,1978,350000,55.1,56.7,2.0,2.0,250.0,1.0,0.2,80.0,6.4,90.0,13.11,18.15,45.0,0.6,0.08,0.144,53.34
East,1979,350000,56.0,57.6,2.0,2.0,250.0,1.0,0.2,80.0,6.4,90.0,13.0,17.93,46.0,0.6,0.08,0.144,53.19
East,1980,350000,56.9,58.6,2.0,2.0,250.0,1.0,0.2,80.0,6.4,90.0,12.9,17.71,47.0,0.6,0.08,0.144,53.04
East,1981,350000,57.7,59.5,2.0,2.0,250.0,1.0,0.2,80.0,6.4,90.0,12.79,17.49,48.0,0.6,0.08,0.144,52.89
East,1982,350000,58.6,60.4,2.0,2.0,250.0,1.0,0.2,80.0,6.4,90.0,12.68,17.27,49.0,0.6,0.08,0.144,52.74
East,1983,350000,59.5,61.3,2.0,2.0,250.0,1.0,0.2,80.0,6.4,90.0,12.57,17.05,50.0,0.6,0.08,0.144,52.59
East,1984,350000,60.4,62.2,2.0,2.0,250.0,1.0,0.2,80.0,6.4,90.0,12.47,16.84,51.0,0.6,0.08,0.144,52.44
East,1985,350000,61.3,63.1,2.0,2.0,250.0,1.0,0.2,80.0,43.0,46.22,12.36,16.62,52.0,0.6,0.08,0.144,61.44
East,1986,350000,62.2,64.1,2.0,2.0,250.0,1.0,0.2,80.0,27.5,65.6,12.25,16.4,53.0,0.6,0.08,0.144,57.41
East,1987,350000,63.1,65.0,2.0,2.0,250.0,1.0,0.2,90.0,30.4,66.2,12.14,16.18,54.0,0.6,0.08,0.144,57.14
East,1988,420000,64.0,65.9,4.0,3.9,260.0,1.0,0.2,135.0,45.4,66.4,12.04,15.96,55.0,0.6,0.08,0.144,56.95
East,1989,510000,64.9,66.8,6.0,5.9,380.0,1.0,0.2,180.0,60.3,66.5,11.93,15.74,56.0,0.632,0.08,0.152,56.73
East,1990,600000,65.8,67.7,8.0,7.8,500.0,1.0,0.2,225.0,75.2,66.56,11.82,15.52,57.0,0.841,0.08,0.202,56.24
East,1991,690000,66.6,68.6,10.0,9.8,620.0,1.0,0.2,270.0,91.1,66.25,11.79,15.43,58.0,1.027,0.08,0.247,55.95
East,1992,780000,67.5,69.6,12.0,10.6,740.0,1.0,0.2,315.0,105.6,66.47,11.64,15.14,59.0,1.22,0.08,0.293,55.4
East,1993,870000,68.4,70.5,14.0,11.1,860.0,1.0,0.2,360.0,124.4,65.45,11.77,15.3,60.0,1.411,0.08,0.339,55.42
East,1994,960000,69.3,71.4,16.0,11.6,980.0,1.0,0.2,405.0,143.8,64.5,11.87,15.41,61.0,1.625,0.096,0.39,55.36
East,1995,1050000,70.2,72.3,18.0,12.1,1100.0,1.0,0.2,450.0,155.9,65.36,11.57,14.89,62.0,1.88,0.196,0.451,54.42
East,1996,1140000,71.1,73.2,20.0,12.6,1220.0,1.0,0.2,495.0,166.4,66.38,11.24,14.32,63.0,2.152,0.301,0.506,53.38
East,1997,1230000,72.0,74.1,22.0,13.1,1340.0,1.0,0.2,540.0,179.6,66.74,11.06,13.98,64.0,2.361,0.401,0.521,52.75
East,1998,1320000,72.9,75.1,24.0,13.6,1460.0,1.0,0.2,585.0,198.2,66.13,11.08,13.97,65.0,2.531,0.494,0.529,52.6
East,1999,1410000,73.8,76.0,26.0,14.1,1580.0,1.0,0.2,630.0,213.8,66.06,10.99,13.77,66.0,2.651,0.575,0.531,52.29
East,2000,1500000,74.7,76.9,28.0,14.6,1700.0,1.0,0.2,675.0,219.7,67.45,10.59,13.1,67.0,2.879,0.676,0.549,51.18
East,2001,1590000,75.5,77.8,30.0,15.1,1820.0,1.0,0.2,720.0,231.0,67.92,10.39,12.74,68.0,3.103,0.777,0.567,50.48
East,2002,1680000,76.4,78.7,32.0,15.6,1940.0,1.0,0.2,765.0,241.9,68.38,10.19,12.39,69.0,3.267,0.864,0.577,49.88
East,2003,1770000,77.3,79.6,34.0,16.1,2060.0,1.0,0.2,810.0,255.1,68.5,10.06,12.14,70.0,3.598,0.99,0.608,49.16
East,2004,1860000,78.2,80.6,36.0,16.6,2180.0,1.0,0.2,855.0,266.0,68.89,9.88,11.82,71.0,3.922,1.118,0.637,48.35
East,2005,1950000,79.1,82.0,38.0,17.1,2300.0,1.0,0.2,900.0,271.3,69.86,9.58,11.32,72.0,4.147,1.221,0.654,47.3
East,2006,2040000,80.0,88.0,40.0,17.6,2420.0,1.0,0.2,945.0,284.5,69.9,9.48,11.11,73.0,4.283,1.301,0.66,45.54
East,2007,2130000,80.9,94.0,42.0,18.0,2540.0,1.0,0.2,990.0,302.9,69.4,9.47,11.05,74.0,4.64,1.44,0.692,43.82
East,2008,2220000,81.8,100.0,44.0,18.5,2660.0,1.0,0.2,1035.0,315.1,69.56,9.34,10.8,75.0,4.985,1.578,0.722,42.01
East,2009,2310000,82.7,106.0,46.0,19.0,2780.0,1.0,0.2,1080.0,325.8,69.83,9.19,10.53,76.0,4.945,1.607,0.709,40.87
East,2010,2400000,83.6,112.0,48.0,19.5,2900.0,1.0,0.2,1125.0,324.2,71.18,8.83,9.96,77.0,5.202,1.719,0.729,38.95
East,2011,2490000,84.4,118.0,50.0,20.0,3020.0,1.6,0.23,1170.0,330.0,71.8,8.62,9.6,78.0,5.285,1.781,0.731,37.71
East,2012,2580000,85.3,124.0,52.0,20.5,3140.0,3.6,0.27,1215.0,345.5,71.57,8.56,9.47,79.0,5.526,1.889,0.749,36.63
East,2013,2670000,86.2,130.0,54.0,21.0,3260.0,4.7,0.28,1260.0,334.5,73.46,8.12,8.8,80.0,5.735,1.987,0.764,34.83
East,2014,2760000,87.1,136.0,56.0,21.5,3380.0,5.5,0.29,1305.0,325.3,75.07,7.74,8.22,81.0,5.971,2.094,0.782,33.15
East,2015,2850000,88.0,142.0,58.0,22.0,3500.0,12.0,0.4,1350.0,405.0,70.0,8.5,9.2,82.0,5.8,2.2,0.8,42.0
East,2016,2940000,89.0,148.0,60.0,22.0,3620.0,14.0,0.4,1395.0,419.0,70.0,8.4,9.0,83.0,6.0,2.3,0.8,41.0
East,2017,3030000,90.0,154.0,62.0,23.0,3740.0,16.0,0.5,1440.0,432.0,70.0,8.3,8.8,84.0,6.2,2.4,0.9,40.0
East,2018,3120000,91.0,160.0,64.0,23.0,3860.0,18.0,0.5,1485.0,446.0,69.0,8.2,8.6,85.0,6.4,2.5,0.9,39.0
East,2019,3210000,92.0,166.0,66.0,24.0,3980.0,20.0,0.5,1530.0,459.0,70.0,8.1,8.4,86.0,6.6,2.6,0.9,38.0
East,2020,3300000,93.0,172.0,68.0,24.0,4100.0,22.0,0.6,1575.0,472.0,70.0,8.0,8.2,87.0,6.8,2.7,0.9,37.0
East,2021,3390000,94.0,178.0,70.0,25.0,4220.0,24.0,0.6,1620.0,486.0,69.0,7.9,8.0,88.0,7.0,2.8,0.9,36.0
East,2022,3480000,95.0,184.0,72.0,25.0,4340.0,26.0,0.6,1665.0,499.0,70.0,7.8,7.8,89.0,7.2,2.9,1.0,35.0
East,2023,3570000,96.0,190.0,74.0,26.0,4460.0,28.0,0.7,1710.0,513.0,69.0,7.7,7.6,90.0,7.4,3.0,1.0,34.0
East,2024,3660000,97.0,196.0,76.0,26.0,4580.0,31.0,0.7,1755.0,526.0,70.0,7.6,7.4,91.0,7.6,3.1,1.0,33.0
East,2025,3750000,98.0,202.0,78.0,27.0,4700.0,34.0,0.8,1800.0,540.0,70.0,7.5,7.2,92.0,7.8,3.2,1.0,32.0
East,2026,3840000,99.0,208.0,80.0,27.0,4820.0,37.0,0.8,1845.0,553.0,70.0,7.4,7.0,93.0,8.0,3.3,1.0,31.0
East,2027,3930000,100.0,214.0,82.0,28.0,4940.0,40.0,0.9,1890.0,567.0,69.0,7.3,6.8,94.0,8.2,3.4,1.0,30.0
East,2028,4020000,101.0,220.0,84.0,28.0,5060.0,43.0,0.9,1935.0,580.0,70.0,7.2,6.6,95.0,8.4,3.5,1.0,29.0
East,2029,4110000,102.0,226.0,86.0,29.0,5180.0,46.0,0.9,1980.0,594.0,70.0,7.1,6.4,96.0,8.6,3.6,1.0,28.0
East,2030,4200000,98.0,232.0,88.0,29.0,5300.0,50.0,1.0,2025.0,608.0,70.0,7.0,6.2,97.0,8.8,3.7,1.1,27.0
West,1800,300000,15.0,15.5,1.5,1.0,180.0,1.0,0.2,60.0,3.6,92.0,1.0,3.5,20.0,0.5,0.06,0.02,42.13
West,1801,300000,15.0,15.5,1.5,1.0,180.0,1.0,0.2,60.0,3.6,92.0,1.0,3.5,20.0,0.5,0.06,0.02,42.13
West,1802,300000,15.0,15.5,1.5,1.0,180.0,1.0,0.2,60.0,3.6,92.0,1.0,3.5,20.0,0.5,0.06,0.02,42.13
West,1803,300000,15.0,15.5,1.5,1.0,180.0,1.0,0.2,60.0,3.6,92.0,1.0,3.5,20.0,0.5,0.06,0.02,42.13
West,1804,300000,15.0,15.5,1.5,1.0,180.0,1.0,0.2,60.0,3.6,92.0,1.0,3.5,20.0,0.5,0.06,0.02,42.13
West,1805,300000,15.0,15.5,1.5,1.0,180.0,1.0,0.2,60.0,3.6,92.0,1.0,3.5,20.0,0.5,0.06,0.02,42.13
West,1806,300000,15.0,15.5,1.5,1.0,180.0,1.0,0.2,60.0,3.6,92.0,1.0,3.5,20.0,0.5,0.06,0.02,42.13
West,1807,300000,15.0,15.5,1.5,1.0,180.0,1.0,0.2,60.0,3.6,92.0,1.0,3.5,20.0,0.5,0.06,0.02,42.13
West,1808,300000,15.0,15.5,1.5,1.0,180.0,1.0,0.2,60.0,3.6,92.0,1.0,3.5,20.0,0.5,0.06,0.02,42.13
West,1809,300000,15.0,15.5,1.5,1.0,180.0,1.0,0.2,60.0,3.6,92.0,1.0,3.5,20.0,0.5,0.06,0.02,42.13
West,1810,300000,15.0,15.5,1.5,1.0,180.0,1.0,0.2,60.0,3.6,92.0,1.0,3.5,20.0,0.5,0.06,0.02,42.13
West,1811,300000,15.0,15.5,1.5,1.0,180.0,1.0,0.2,60.0,3.6,92.0,1.0,3.5,20.0,0.5,0.06,0.02,42.13
West,1812,300000,15.0,15.5,1.5,1.0,180.0,1.0,0.2,60.0,3.6,92.0,1.0,3.5,20.0,0.5,0.06,0.02,42.13
West,1813,300000,15.0,15.5,1.5,1.0,180.0,1.0,0.2,60.0,3.6,92.0,1.0,3.5,20.0,0.5,0.06,0.02,42.13
West,1814,300000,15.0,15.5,1.5,1.0,180.0,1.0,0.2,60.0,3.6,92.0,1.0,3.5,20.0,0.5,0.06,0.02,42.13
West,1815,300000,15.0,15.5,1.5,1.0,180.0,1.0,0.2,60.0,3.6,92.0,1.0,3.5,20.0,0.5,0.06,0.02,42.13
West,1816,300000,15.0,15.5,1.5,1.0,180.0,1.0,0.2,60.0,3.6,92.0,1.0,3.5,20.0,0.5,0.06,0.02,42.13
West,1817,300000,15.0,15.5,1.5,1.0,180.0,1.0,0.2,60.0,3.6,92.0,1.0,3.5,20.0,0.5,0.06,0.02,42.13
West,1818,300000,15.0,15.5,1.5,1.0,180.0,1.0,0.2,60.0,3.6,92.0,1.0,3.5,20.0,0.5,0.06,0.02,42.13
West,1819,300000,15.0,15.5,1.5,1.0,180.0,1.0,0.2,60.0,3.6,92.0,1.0,3.5,20.0,0.5,0.06,0.02,42.13
West,1820,300000,15.0,15.5,1.5,1.0,180.0,1.0,0.2,60.0,3.6,92.0,1.0,3.5,20.0,0.5,0.06,0.02,42.13
West,1821,300000,15.0,15.5,1.5,1.0,180.0,1.0,0.2,60.0,3.6,92.0,1.0,3.5,20.0,0.5,0.06,0.02,42.13
West,1822,300000,15.0,15.5,1.5,1.0,180.0,1.0,0.2,60.0,3.6,92.0,1.0,3.5,20.0,0.5,0.06,0.02,42.13
West,1823,300000,15.0,15.5,1.5,1.0,180.0,1.0,0.2,60.0,3.6,92.0,1.0,3.5,20.0,0.5,0.06,0.02,42.13
West,1824,300000,15.0,15.5,1.5,1.0,180.0,1.0,0.2,60.0,3.6,92.0,1.0,3.5,20.0,0.5,0.06,0.02,42.13
West,1825,300000,15.0,15.5,1.5,1.0,180.0,1.0,0.2,60.0,3.6,92.0,1.0,3.5,20.0,0.5,0.06,0.02,42.13
West,1826,300000,15.0,15.5,1.5,1.0,180.0,1.0,0.2,60.0,3.6,92.0,1.0,3.5,20.0,0.5,0.06,0.02,42.13
West,1827,300000,15.0,15.5,1.5,1.0,180.0,1.0,0.2,60.0,3.6,92.0,1.0,3.5,20.0,0.5,0.06,0.02,42.13
West,1828,300000,15.0,15.5,1.5,1.0,180.0,1.0,0.2,60.0,3.6,92.0,1.0,3.5,20.0,0.5,0.06,0.02,42.13
West,1829,300000,15.0,15.5,1.5,1.0,180.0,1.0,0.2,60.0,3.6,92.0,1.0,3.5,20.0,0.5,0.06,0.02,42.13
West,1830,300000,15.0,15.5,1.5,1.0,180.0,1.0,0.2,60.0,3.6,92.0,1.0,3.5,20.0,0.5,0.06,0.02,42.13
West,1831,300000,15.0,15.5,1.5,1.0,180.0,1.0,0.2,60.0,3.6,92.0,1.0,3.5,20.0,0.5,0.06,0.02,42.13
West,1832,300000,15.0,15.5,1.5,1.0,180.0,1.0,0.2,60.0,3.6,92.0,1.0,3.5,20.0,0.5,0.06,0.02,42.13
West,1833,300000,15.0,15.5,1.5,1.0,180.0,1.0,0.2,60.0,3.6,92.0,1.0,3.5,20.0,0.5,0.06,0.02,42.13
West,1834,300000,15.0,15.5,1.5,1.0,180.0,1.0,0.2,60.0,3.6,92.0,1.0,3.5,20.0,0.5,0.06,0.02,42.13
West,1835,300000,15.0,15.5,1.5,1.0,180.0,1.0,0.2,60.0,3.6,92.0,1.0,3.5,20.0,0.5,0.06,0.02,42.13
West,1836,300000,15.0,15.5,1.5,1.0,180.0,1.0,0.2,60.0,3.6,92.0,1.0,3.5,20.0,0.5,0.06,0.02,42.13
West,1837,300000,15.0,15.5,1.5,1.0,180.0,1.0,0.2,60.0,3.6,92.0,1.0,3.5,20.0,0.5,0.06,0.02,42.13
West,1838,300000,15.0,15.5,1.5,1.0,180.0,1.0,0.2,60.0,3.6,92.0,1.0,3.5,20.0,0.5,0.06,0.02,42.13
West,1839,300000,15.0,15.5,1.5,1.0,180.0,1.0,0.2,60.0,3.6,92.0,1.0,3.5,20.0,0.5,0.06,0.02,42.13
West,1840,300000,15.0,15.5,1.5,1.0,180.0,1.0,0.2,60.0,3.6,92.0,1.0,3.5,20.0,0.5,0.06,0.02,42.13
West,1841,300000,15.0,15.5,1.5,1.0,180.0,1.0,0.2,60.0,3.6,92.0,1.0,3.5,20.0,0.5,0.06,0.02,42.13
West,1842,300000,15.0,15.5,1.5,1.0,180.0,1.0,0.2,60.0,3.6,92.0,1.0,3.5,20.0,0.5,0.06,0.02,42.13
West,1843,300000,15.0,15.5,1.5,1.0,180.0,1.0,0.2,60.0,3.6,92.0,1.0,3.5,20.0,0.5,0.06,0.02,42.13
West,1844,300000,15.0,15.5,1.5,1.0,180.0,1.0,0.2,60.0,3.6,92.0,1.0,3.5,20.0,0.5,0.06,0.02,42.13
West,1845,300000,15.0,15.5,1.5,1.0,180.0,1.0,0.2,60.0,3.6,92.0,1.0,3.5,20.0,0.5,0.06,0.02,42.13
West,1846,300000,15.0,15.5,1.5,1.0,180.0,1.0,0.2,60.0,3.6,92.0,1.0,3.5,20.0,0.5,0.06,0.02,42.13
West,1847,300000,15.0,15.5,1.5,1.0,180.0,1.0,0.2,60.0,3.6,92.0,1.0,3.5,20.0,0.5,0.06,0.02,42.13
West,1848,300000,15.0,15.5,1.5,1.0,180.0,1.0,0.2,60.0,3.6,92.0,1.0,3.5,20.0,0.5,0.06,0.02,42.13
West,1849,300000,15.0,15.5,1.5,1.0,180.0,1.0,0.2,60.0,3.6,92.0,1.0,3.5,20.0,0.5,0.06,0.02,42.13
West,1850,300000,15.0,15.5,1.5,1.0,180.0,1.0,0.2,60.0,3.6,92.0,1.0,3.5,20.0,0.5,0.06,0.02,42.13
West,1851,300000,15.0,15.5,1.5,1.0,180.0,1.0,0.2,60.0,3.6,92.0,1.0,3.5,20.0,0.5,0.06,0.02,42.13
West,1852,300000,15.0,15.5,1.5,1.0,180.0,1.0,0.2,60.0,3.6,92.0,1.0,3.5,20.0,0.5,0.06,0.02,42.13
West,1853,300000,15.0,15.5,1.5,1.0,180.0,1.0,0.2,60.0,3.6,92.0,1.0,3.5,20.0,0.5,0.06,0.02,42.13
West,1854,300000,15.0,15.5,1.5,1.0,180.0,1.0,0.2,60.0,3.6,92.0,1.0,3.5,20.0,0.5,0.06,0.02,42.13
West,1855,300000,15.0,15.5,1.5,1.0,180.0,1.0,0.2,60.0,3.6,92.0,1.0,3.5,20.0,0.5,0.06,0.02,42.13
West,1856,300000,15.0,15.5,1.5,1.0,180.0,1.0,0.2,60.0,3.6,92.0,1.0,3.5,20.0,0.5,0.06,0.02,42.13
West,1857,300000,15.0,15.5,1.5,1.0,180.0,1.0,0.2,60.0,3.6,92.0,1.0,3.5,20.0,0.5,0.06,0.02,42.13
West,1858,300000,15.0,15.5,1.5,1.0,180.0,1.0,0.2,60.0,3.6,92.0,1.0,3.5,20.0,0.5,0.06,0.02,42.13
West,1859,300000,15.0,15.5,1.5,1.0,180.0,1.0,0.2,60.0,3.6,92.0,1.0,3.5,20.0,0.5,0.06,0.02,42.13
West,1860,300000,15.0,15.5,1.5,1.0,180.0,1.0,0.2,60.0,3.6,92.0,1.0,3.5,20.0,0.5,0.06,0.02,42.13
West,1861,300000,15.0,15.5,1.5,1.0,180.0,1.0,0.2,60.0,3.6,92.0,1.0,3.5,20.0,0.5,0.06,0.02,42.13
West,1862,300000,15.0,15.5,1.5,1.0,180.0,1.0,0.2,60.0,3.6,92.0,1.0,3.5,20.0,0.5,0.06,0.02,42.13
West,1863,300000,15.0,15.5,1.5,1.0,180.0,1.0,0.2,60.0,3.6,92.0,1.0,3.5,20.0,0.5,0.06,0.02,42.13
West,1864,300000,15.0,15.5,1.5,1.0,180.0,1.0,0.2,60.0,3.6,92.0,1.0,3.5,20.0,0.5,0.06,0.02,42.13
West,1865,300000,15.0,15.5,1.5,1.0,180.0,1.0,0.2,60.0,3.6,92.0,1.0,3.5,20.0,0.5,0.06,0.02,42.13
West,1866,300000,15.0,15.5,1.5,1.0,180.0,1.0,0.2,60.0,3.6,92.0,1.0,3.5,20.0,0.5,0.06,0.02,42.13
West,1867,300000,15.0,15.5,1.5,1.0,180.0,1.0,0.2,60.0,3.6,92.0,1.0,3.5,20.0,0.5,0.06,0.02,42.13
West,1868,300000,15.0,15.5,1.5,1.0,180.0,1.0,0.2,60.0,3.6,92.0,1.0,3.5,20.0,0.5,0.06,0.02,42.13
West,1869,300000,15.0,15.5,1.5,1.0,180.0,1.0,0.2,60.0,3.6,92.0,1.0,3.5,20.0,0.5,0.06,0.02,42.13
West,1870,300000,15.0,15.5,1.5,1.0,180.0,1.0,0.2,60.0,3.6,92.0,1.0,3.5,20.0,0.5,0.06,0.02,42.13
West,1871,300000,15.0,15.5,1.5,1.0,180.0,1.0,0.2,60.0,3.6,92.0,1.0,3.5,20.0,0.5,0.06,0.02,42.13
West,1872,300000,15.0,15.5,1.5,1.0,180.0,1.0,0.2,60.0,3.6,92.0,1.0,3.5,20.0,0.5,0.06,0.02,42.13
West,1873,300000,15.0,15.5,1.5,1.0,180.0,1.0,0.2,60.0,3.6,92.0,1.0,3.5,20.0,0.5,0.06,0.02,42.13
West,1874,300000,15.0,15.5,1.5,1.0,180.0,1.0,0.2,60.0,3.6,92.0,1.0,3.5,20.0,0.5,0.06,0.02,42.13
West,1875,300000,15.0,15.5,1.5,1.0,180.0,1.0,0.2,60.0,3.6,92.0,1.0,3.5,20.0,0.5,0.06,0.02,42.13
West,1876,300000,15.0,15.5,1.5,1.0,180.0,1.0,0.2,60.0,3.6,92.0,1.0,3.5,20.0,0.5,0.06,0.02,42.13
West,1877,300000,15.0,15.5,1.5,1.0,180.0,1.0,0.2,60.0,3.6,92.0,1.0,3.5,20.0,0.5,0.06,0.02,42.13
West,1878,300000,15.0,15.5,1.5,1.0,180.0,1.0,0.2,60.0,3.6,92.0,1.0,3.5,20.0,0.5,0.06,0.02,42.13
West,1879,300000,15.0,15.5,1.5,1.0,180.0,1.0,0.2,60.0,3.6,92.0,1.0,3.5,20.0,0.5,0.06,0.02,42.13
West,1880,300000,15.0,15.5,1.5,1.0,180.0,1.0,0.2,60.0,3.6,92.0,1.0,3.5,20.0,0.5,0.06,0.02,42.13
West,1881,300000,15.0,15.5,1.5,1.0,180.0,1.0,0.2,60.0,3.6,92.0,1.0,3.5,20.0,0.5,0.06,0.02,42.13
West,1882,300000,15.0,15.5,1.5,1.0,180.0,1.0,0.2,60.0,3.6,92.0,1.0,3.5,20.0,0.5,0.06,0.02,42.13
West,1883,300000,15.0,15.5,1.5,1.0,180.0,1.0,0.2,60.0,3.6,92.0,1.0,3.5,20.0,0.5,0.06,0.02,42.13
West,1884,300000,15.0,15.5,1.5,1.0,180.0,1.0,0.2,60.0,3.6,92.0,1.0,3.5,20.0,0.5,0.06,0.02,42.13
West,1885,300000,15.0,15.5,1.5,1.0,180.0,1.0,0.2,60.0,3.6,92.0,1.0,3.5,20.0,0.5,0.06,0.02,42.13
West,1886,300000,15.0,15.5,1.5,1.0,180.0,1.0,0.2,60.0,3.6,92.0,1.0,3.5,20.0,0.5,0.06,0.02,42.13
West,1887,300000,15.0,15.5,1.5,1.0,180.0,1.0,0.2,60.0,3.6,92.0,1.0,3.5,20.0,0.5,0.06,0.02,42.13
West,1888,300000,15.0,15.5,1.5,1.0,180.0,1.0,0.2,60.0,3.6,92.0,1.0,3.5,20.0,0.5,0.06,0.02,42.13
West,1889,300000,15.0,15.5,1.5,1.0,180.0,1.0,0.2,60.0,3.6,92.0,1.0,3.5,20.0,0.5,0.06,0.02,42.13
West,1890,300000,15.0,15.5,1.5,1.0,180.0,1.0,0.2,60.0,3.6,92.0,1.0,3.5,20.0,0.5,0.06,0.02,42.13
West,1891,300000,15.0,15.5,1.5,1.0,180.0,1.0,0.2,60.0,3.6,92.0,1.0,3.5,20.0,0.5,0.06,0.02,42.13
West,1892,300000,15.0,15.5,1.5,1.0,180.0,1.0,0.2,60.0,3.6,92.0,1.0,3.5,20.0,0.5,0.06,0.02,42.13
West,1893,300000,15.0,15.5,1.5,1.0,180.0,1.0,0.2,60.0,3.6,92.0,1.0,3.5,20.0,0.5,0.06,0.02,42.13
West,1894,300000,15.0,15.5,1.5,1.0,180.0,1.0,0.2,60.0,3.6,92.0,1.0,3.5,20.0,0.5,0.06,0.02,42.13
West,1895,300000,15.0,15.5,1.5,1.0,180.0,1.0,0.2,60.0,3.6,92.0,1.0,3.5,20.0,0.5,0.06,0.02,42.13
West,1896,300000,15.0,15.5,1.5,1.0,180.0,1.0,0.2,60.0,3.6,92.0,1.0,3.5,20.0,0.5,0.06,0.02,42.13
West,1897,300000,15.0,15.5,1.5,1.0,180.0,1.0,0.2,60.0,3.6,92.0,1.0,3.5,20.0,0.5,0.06,0.02,42.13
West,1898,300000,15.0,15.5,1.5,1.0,180.0,1.0,0.2,60.0,3.6,92.0,1.0,3.5,20.0,0.5,0.06,0.02,42.13
West,1899,300000,15.0,15.5,1.5,1.0,180.0,1.0,0.2,60.0,3.6,92.0,1.0,3.5,20.0,0.5,0.06,0.02,42.13
West,1900,300000,15.0,15.5,1.5,1.0,180.0,1.0,0.2,60.0,3.6,92.0,1.0,3.5,20.0,0.5,0.06,0.02,42.13
West,1901,300000,15.0,15.5,1.5,1.0,180.0,1.0,0.2,60.0,3.6,92.0,1.0,3.5,20.0,0.5,0.06,0.02,42.13
West,1902,300000,15.0,15.5,1.5,1.0,180.0,1.0,0.2,60.0,3.6,92.0,1.0,3.5,20.0,0.5,0.06,0.02,42.13
West,1903,300000,15.0,15.5,1.5,1.0,180.0,1.0,0.2,60.0,3.6,92.0,1.0,3.5,20.0,0.5,0.06,0.02,42.13
West,1904,300000,15.0,15.5,1.5,1.0,180.0,1.0,0.2,60.0,3.6,92.0,1.0,3.5,20.0,0.5,0.06,0.021,42.13
West,1905,300000,15.0,15.5,1.5,1.0,180.0,1.0,0.2,60.0,3.6,92.0,1.0,3.5,20.0,0.5,0.06,0.025,42.13
West,1906,300000,15.0,15.5,1.5,1.0,180.0,1.0,0.2,60.0,3.6,92.0,1.0,3.5,20.0,0.5,0.06,0.03,42.13
West,1907,300000,15.0,15.5,1.5,1.0,180.0,1.0,0.2,60.0,3.6,92.0,1.0,3.5,20.0,0.5,0.06,0.034,42.13
West,1908,300000,15.0,15.5,1.5,1.0,180.0,1.0,0.2,60.0,3.6,92.0,1.0,3.5,20.0,0.5,0.06,0.039,42.13
West,1909,300000,15.0,15.5,1.5,1.0,180.0,1.0,0.2,60.0,3.6,92.0,1.0,3.5,20.0,0.5,0.06,0.043,42.13
West,1910,300000,15.0,15.5,1.5,1.0,180.0,1.0,0.2,60.0,3.6,92.0,1.0,3.5,20.0,0.5,0.06,0.048,42.13
West,1911,300000,15.0,15.5,1.5,1.0,180.0,1.0,0.2,60.0,3.6,92.0,1.0,3.5,20.0,0.5,0.06,0.052,42.13
West,1912,300000,15.0,15.5,1.5,1.0,180.0,1.0,0.2,60.0,3.6,92.0,1.0,3.5,20.0,0.5,0.06,0.057,42.13
West,1913,300000,15.0,15.5,1.5,1.0,180.0,1.0,0.2,60.0,3.6,92.0,1.0,3.5,20.0,0.5,0.06,0.061,42.13
West,1914,300000,15.0,15.5,1.5,1.0,180.0,1.0,0.2,60.0,3.6,92.0,1.0,3.5,20.0,0.5,0.06,0.066,42.13
West,1915,300000,15.0,15.5,1.5,1.0,180.0,1.0,0.2,60.0,3.6,92.0,1.0,3.5,20.0,0.5,0.06,0.07,42.13
West,1916,300000,15.0,15.5,1.5,1.0,180.0,1.0,0.2,60.0,3.6,92.0,1.0,3.5,20.0,0.5,0.06,0.075,42.13
West,1917,300000,15.0,15.5,1.5,1.0,180.0,1.0,0.2,60.0,3.6,92.0,1.0,3.5,20.0,0.5,0.06,0.079,42.13
West,1918,300000,15.0,15.5,1.5,1.0,180.0,1.0,0.2,60.0,3.6,92.0,1.0,3.5,20.0,0.5,0.06,0.084,42.13
West,1919,300000,15.0,15.5,1.5,1.0,180.0,1.0,0.2,60.0,3.6,92.0,1.0,3.5,20.0,0.5,0.06,0.088,42.13
West,1920,300000,15.0,15.5,1.5,1.0,180.0,1.0,0.2,60.0,3.6,92.0,1.0,3.5,20.0,0.5,0.06,0.093,42.13
West,1921,300000,15.0,15.5,1.5,1.0,180.0,1.0,0.2,60.0,3.6,92.0,1.0,3.5,20.0,0.5,0.06,0.097,42.13
West,1922,300000,15.0,15.5,1.5,1.0,180.0,1.0,0.2,60.0,3.6,92.0,1.0,3.5,20.0,0.5,0.06,0.102,42.13
West,1923,300000,15.0,15.5,1.5,1.0,180.0,1.0,0.2,60.0,3.6,92.0,1.0,3.5,20.0,0.5,0.06,0.106,42.13
West,1924,300000,15.0,15.5,1.5,1.0,180.0,1.0,0.2,60.0,3.6,92.0,1.0,3.5,20.0,0.5,0.06,0.111,42.13
West,1925,300000,15.0,15.5,1.5,1.0,180.0,1.0,0.2,60.0,3.6,92.0,1.0,3.5,20.0,0.5,0.06,0.115,42.13
West,1926,300000,15.0,15.5,1.5,1.0,180.0,1.0,0.2,60.0,3.6,92.0,1.0,3.5,20.0,0.5,0.06,0.12,42.13
West,1927,300000,15.0,15.5,1.5,1.0,180.0,1.0,0.2,60.0,3.6,92.0,1.0,3.5,20.0,0.5,0.06,0.124,42.13
West,1928,300000,15.0,15.5,1.5,1.0,180.0,1.0,0.2,60.0,3.6,92.0,1.0,3.5,20.0,0.5,0.06,0.125,42.13
West,1929,300000,16.0,16.5,1.5,1.0,180.0,1.0,0.2,60.0,3.6,92.0,1.0,3.5,20.0,0.5,0.06,0.125,42.13
West,1930,300000,17.0,17.5,1.5,1.0,180.0,1.0,0.2,60.0,3.6,92.0,1.0,3.5,20.0,0.5,0.06,0.125,42.13
West,1931,300000,18.0,18.5,1.5,1.0,180.0,1.0,0.2,60.0,3.6,92.0,1.0,3.5,20.0,0.5,0.06,0.125,42.13
West,1932,300000,19.0,19.6,1.5,1.0,180.0,1.0,0.2,60.0,3.6,92.0,1.0,3.5,20.0,0.5,0.06,0.125,42.13
West,1933,300000,20.0,20.6,1.5,1.0,180.0,1.0,0.2,60.0,3.6,92.0,1.0,3.5,20.0,0.5,0.06,0.125,42.13
West,1934,300000,21.0,21.6,1.5,1.0,180.0,1.0,0.2,60.0,3.6,92.0,1.0,3.5,20.0,0.5,0.06,0.125,42.13
West,1935,300000,22.0,22.7,1.5,1.0,180.0,1.0,0.2,60.0,3.6,92.0,1.0,3.5,20.0,0.5,0.06,0.125,42.13
West,1936,300000,23.0,23.7,1.5,1.0,180.0,1.0,0.2,60.0,3.6,92.0,1.0,3.5,20.0,0.5,0.06,0.125,42.13
West,1937,300000,24.0,24.7,1.5,1.0,180.0,1.0,0.2,60.0,3.6,92.0,1.0,3.5,20.0,0.5,0.06,0.125,42.13
West,1938,300000,25.0,25.8,1.5,1.0,180.0,1.0,0.2,60.0,3.6,92.0,1.0,3.5,20.0,0.5,0.06,0.125,42.13
West,1939,300000,26.0,26.8,1.5,1.0,180.0,1.0,0.2,60.0,3.6,92.0,1.0,3.5,20.0,0.5,0.06,0.125,42.13
West,1940,300000,27.0,27.8,1.5,1.0,180.0,1.0,0.2,60.0,3.6,92.0,1.11,3.5,20.0,0.5,0.06,0.125,42.15
West,1941,300000,28.0,28.8,1.5,1.0,180.0,1.0,0.2,60.0,3.6,92.0,1.31,3.5,20.0,0.5,0.06,0.125,42.18
West,1942,300000,29.0,29.9,1.5,1.0,180.0,1.0,0.2,60.0,3.6,92.0,1.51,3.5,20.0,0.5,0.06,0.125,42.22
West,1943,300000,30.0,30.9,1.5,1.0,180.0,1.0,0.2,60.0,3.6,92.0,1.72,3.5,20.0,0.5,0.06,0.125,42.26
West,1944,300000,31.0,31.9,1.5,1.0,180.0,1.0,0.2,60.0,3.6,92.0,1.92,3.5,20.0,0.5,0.06,0.125,42.29
West,1945,300000,32.0,33.0,1.5,1.0,180.0,1.0,0.2,60.0,3.6,92.0,2.12,3.5,20.0,0.5,0.06,0.125,42.33
West,1946,300000,33.0,34.0,1.5,1.0,180.0,1.0,0.2,60.0,3.6,92.0,2.32,3.5,20.0,0.5,0.06,0.125,42.37
West,1947,300000,34.0,35.0,1.5,1.0,180.0,1.0,0.2,60.0,3.6,92.0,2.53,3.5,20.0,0.5,0.06,0.125,42.4
West,1948,300000,35.0,36.1,1.5,1.0,180.0,1.0,0.2,60.0,3.6,92.0,2.73,3.5,20.0,0.5,0.06,0.125,42.44
West,1949,300000,36.0,37.1,1.5,1.0,180.0,1.0,0.2,60.0,3.6,92.0,2.93,3.5,20.0,0.5,0.06,0.125,42.48
West,1950,300000,37.0,38.1,1.5,1.0,180.0,1.0,0.2,60.0,3.6,92.0,3.14,3.5,20.0,0.5,0.06,0.125,42.51
West,1951,300000,38.0,39.1,1.5,1.0,180.0,1.0,0.2,60.0,3.6,92.0,3.34,3.5,20.0,0.5,0.06,0.125,42.55
West,1952,300000,39.0,40.2,1.5,1.0,180.0,1.0,0.2,60.0,3.6,92.0,3.54,3.5,20.0,0.5,0.06,0.125,42.59
West,1953,300000,40.0,41.2,1.5,1.0,180.0,1.0,0.2,60.0,3.6,92.0,3.74,3.5,20.0,0.5,0.06,0.125,42.62
West,1954,300000,41.0,42.2,1.5,1.0,180.0,1.0,0.2,60.0,3.6,92.0,3.95,3.5,20.0,0.5,0.06,0.125,42.66
West,1955,300000,42.0,43.3,1.5,1.0,180.0,1.0,0.2,60.0,3.6,92.0,4.15,3.5,20.0,0.5,0.06,0.125,42.7
West,1956,300000,43.0,44.3,1.5,1.0,180.0,1.0,0.2,60.0,3.6,92.0,4.35,3.5,20.0,0.5,0.06,0.125,42.73
West,1957,300000,44.0,45.3,1.5,1.0,180.0,1.0,0.2,60.0,3.6,92.0,4.55,3.5,20.0,0.5,0.06,0.125,42.77
West,1958,300000,45.0,46.4,1.5,1.0,180.0,1.0,0.2,60.0,3.6,92.0,4.76,3.5,20.0,0.5,0.06,0.125,42.8
West,1959,300000,46.0,47.4,1.5,1.0,180.0,1.0,0.2,60.0,3.6,92.0,4.96,3.5,20.0,0.5,0.06,0.125,42.84
West,1960,350000,47.0,48.4,2.0,2.0,250.0,1.0,0.2,80.0,6.4,90.0,4.51,4.0,24.0,0.6,0.08,0.144,43.3
West,1961,350000,48.0,49.4,2.0,2.0,250.0,1.0,0.2,80.0,6.4,90.0,4.73,4.0,24.0,0.6,0.08,0.144,43.34
West,1962,350000,49.0,50.5,2.0,2.0,250.0,1.0,0.2,80.0,6.4,90.0,4.94,4.0,24.0,0.6,0.08,0.144,43.38
West,1963,350000,50.0,51.5,2.0,2.0,250.0,1.0,0.2,80.0,6.4,90.0,5.16,4.0,24.0,0.6,0.08,0.144,43.42
West,1964,350000,51.0,52.5,2.0,2.0,250.0,1.0,0.2,80.0,6.4,90.0,5.37,4.0,24.0,0.6,0.08,0.144,43.46
West,1965,350000,52.0,53.6,2.0,2.0,250.0,1.0,0.2,80.0,6.4,90.0,5.59,4.0,24.0,0.6,0.08,0.144,43.5
West,1966,350000,53.0,54.6,2.0,2.0,250.0,1.0,0.2,80.0,6.4,90.0,5.8,4.0,24.0,0.6,0.08,0.144,43.54
West,1967,350000,54.0,55.6,2.0,2.0,250.0,1.0,0.2,80.0,6.4,90.0,6.02,4.0,24.0,0.6,0.08,0.144,43.57
West,1968,350000,55.0,56.6,2.0,2.0,250.0,1.0,0.2,80.0,6.4,90.0,6.23,4.0,24.0,0.6,0.08,0.144,43.61
West,1969,350000,56.0,57.7,2.0,2.0,250.0,1.0,0.2,80.0,6.4,90.0,6.45,4.0,24.0,0.6,0.08,0.144,43.65
West,1970,350000,57.0,58.7,2.0,2.0,250.0,1.0,0.2,80.0,6.4,90.0,6.66,4.0,24.0,0.6,0.08,0.144,43.69
West,1971,350000,58.0,59.7,2.0,2.0,250.0,1.0,0.2,80.0,6.4,90.0,6.88,4.0,24.0,0.6,0.08,0.144,43.73
West,1972,350000,59.0,60.8,2.0,2.0,250.0,1.0,0.2,80.0,6.4,90.0,7.09,4.0,24.0,0.6,0.08,0.144,43.77
West,1973,350000,60.0,61.8,3.0,2.9,250.0,1.0,0.2,80.0,6.4,90.0,7.31,4.0,24.0,0.726,0.08,0.174,43.61
West,1974,350000,61.0,62.8,4.0,3.9,250.0,1.0,0.2,80.0,6.4,90.0,7.52,4.0,24.0,0.865,0.08,0.208,43.43
West,1975,350000,62.0,63.9,5.0,4.9,250.0,1.0,0.2,80.0,6.4,90.0,7.74,4.0,25.0,0.96,0.08,0.23,43.32
West,1976,350000,63.0,64.9,6.0,5.9,250.0,1.0,0.2,80.0,6.4,90.0,7.95,4.0,26.0,1.116,0.08,0.268,43.11
West,1977,350000,64.0,65.9,7.0,6.9,250.0,1.0,0.2,80.0,6.4,90.0,8.17,4.0,27.0,1.215,0.08,0.292,42.99
West,1978,350000,65.0,66.9,8.0,7.8,250.0,1.0,0.2,80.0,6.4,90.0,8.38,4.0,28.0,1.256,0.08,0.302,42.97
West,1979,350000,66.0,68.0,9.0,8.8,250.0,1.0,0.2,80.0,6.4,90.0,8.6,4.0,29.0,1.431,0.08,0.343,42.73
West,1980,350000,67.0,69.0,10.0,9.8,250.0,1.0,0.2,80.0,6.4,90.0,8.81,4.0,30.0,1.519,0.08,0.365,42.63
West,1981,350000,68.0,70.0,11.0,10.8,250.0,1.0,0.2,80.0,6.4,90.0,9.03,4.0,31.0,1.57,0.08,0.377,42.59
West,1982,370000,69.0,71.1,12.0,11.8,250.0,1.0,0.2,80.0,6.4,90.0,9.24,4.0,32.0,1.657,0.08,0.398,42.49
West,1983,440000,70.0,72.1,13.0,12.7,250.0,1.0,0.2,80.0,6.4,90.0,9.46,4.0,33.0,1.738,0.08,0.417,42.4
West,1984,510000,71.0,73.1,14.0,13.7,300.0,1.0,0.2,80.0,6.4,90.0,9.67,4.15,34.0,1.882,0.08,0.452,42.31
West,1985,580000,72.0,74.2,15.0,14.7,400.0,1.0,0.2,80.0,6.4,90.0,9.89,4.59,35.0,1.972,0.08,0.473,42.46
West,1986,650000,73.0,75.2,16.0,15.3,500.0,1.0,0.2,110.0,8.8,90.0,10.1,5.03,36.0,2.027,0.08,0.486,42.68
West,1987,720000,74.0,76.2,17.0,15.8,600.0,1.0,0.2,140.0,11.2,90.0,10.32,5.47,37.0,2.121,0.08,0.509,42.83
West,1988,790000,75.0,77.2,18.0,16.3,700.0,1.0,0.2,170.0,13.6,90.0,10.53,5.9,38.0,2.228,0.08,0.535,42.96
West,1989,860000,76.0,78.3,19.0,16.8,800.0,1.0,0.2,200.0,16.0,90.0,10.75,6.34,39.0,2.318,0.08,0.556,43.12
West,1990,930000,77.0,79.3,20.0,17.4,900.0,1.0,0.2,230.0,18.4,90.0,10.96,6.78,40.0,2.418,0.08,0.58,43.27
West,1991,1000000,78.0,80.3,21.0,17.9,1000.0,1.0,0.2,260.0,20.8,90.0,11.25,7.28,41.0,2.466,0.08,0.592,43.54
West,1992,1070000,79.0,81.4,22.0,18.4,1100.0,1.0,0.2,290.0,23.2,90.0,11.43,7.68,42.0,2.542,0.08,0.61,43.7
West,1993,1140000,80.0,82.4,23.0,18.9,1200.0,1.0,0.2,320.0,25.6,90.0,11.88,8.32,43.0,2.62,0.08,0.629,44.04
West,1994,1210000,81.0,83.4,24.0,19.4,1300.0,1.0,0.2,350.0,28.0,90.0,12.32,8.97,44.0,2.742,0.08,0.658,44.32
West,1995,1280000,82.0,84.5,25.0,19.9,1400.0,1.0,0.2,380.0,30.4,90.0,12.34,9.25,45.0,2.924,0.08,0.702,44.2
West,1996,1350000,83.0,85.5,26.0,20.4,1500.0,1.0,0.2,410.0,32.8,90.0,12.32,9.47,46.0,3.12,0.1,0.749,44.02
West,1997,1420000,84.0,86.5,27.0,20.9,1600.0,1.0,0.2,440.0,35.2,90.0,12.46,9.83,47.0,3.22,0.201,0.773,44.1
West,1998,1490000,85.0,87.5,28.0,21.4,1700.0,1.0,0.2,470.0,37.6,90.0,12.82,10.42,48.0,3.269,0.296,0.749,44.45
West,1999,1560000,86.0,88.6,29.0,21.9,1800.0,1.0,0.2,500.0,40.0,90.0,13.06,10.88,49.0,3.263,0.383,0.716,44.78
West,2000,1630000,87.0,89.6,30.0,22.4,1900.0,1.0,0.2,530.0,42.4,90.0,12.92,10.95,50.0,3.393,0.483,0.706,44.59
West,2001,1700000,88.0,90.6,31.0,22.9,2000.0,1.0,0.2,560.0,44.8,90.0,13.01,11.26,51.0,3.517,0.582,0.694,44.59
West,2002,1770000,89.0,91.7,32.0,23.4,2100.0,1.0,0.2,590.0,47.2,90.0,13.1,11.55,52.0,3.573,0.672,0.673,44.69
West,2003,1840000,90.0,92.7,33.0,23.9,2200.0,1.0,0.2,620.0,49.6,90.0,13.28,11.93,53.0,3.809,0.792,0.676,44.58
West,2004,1910000,91.0,93.7,34.0,24.4,2300.0,1.0,0.2,650.0,52.0,90.0,13.38,12.23,54.0,4.031,0.914,0.676,44.43
West,2005,1980000,92.0,94.8,35.0,24.9,2400.0,1.0,0.2,680.0,54.4,90.0,13.32,12.34,55.0,4.147,1.018,0.661,44.3
West,2006,2050000,93.0,95.8,36.0,25.4,2500.0,1.0,0.2,710.0,56.8,90.0,13.51,12.73,56.0,4.176,1.101,0.637,44.53
West,2007,2120000,94.0,96.8,37.0,26.0,2600.0,1.0,0.2,740.0,59.2,90.0,13.85,13.3,57.0,4.419,1.234,0.636,44.55
West,2008,2190000,95.0,100.0,38.0,26.5,2700.0,1.0,0.2,770.0,61.6,90.0,14.01,13.66,58.0,4.645,1.367,0.633,43.91
West,2009,2260000,96.0,104.0,39.0,27.0,2800.0,1.0,0.2,800.0,64.0,90.0,14.14,13.97,59.0,4.515,1.406,0.593,43.65
West,2010,2330000,97.0,108.0,40.0,27.5,2900.0,1.0,0.2,830.0,67.4,90.0,13.94,13.87,60.0,4.66,1.517,0.581,42.73
West,2011,2400000,98.0,112.0,41.0,28.0,3000.0,1.0,0.24,860.0,144.9,83.15,13.94,14.02,61.0,4.651,1.583,0.555,44.04
West,2012,2470000,99.0,116.0,42.0,28.5,3100.0,2.4,0.35,890.0,225.6,74.65,14.21,14.5,62.0,4.782,1.69,0.543,45.42
West,2013,2540000,100.0,120.0,43.0,29.0,3200.0,6.3,0.41,920.0,285.0,69.03,13.82,14.12,63.0,4.885,1.788,0.527,45.63
West,2014,2610000,101.0,124.0,44.0,29.5,3300.0,9.0,0.47,950.0,337.3,64.49,13.49,13.81,64.0,5.012,1.894,0.514,45.67
West,2015,2680000,102.0,128.0,45.0,30.0,3400.0,22.0,0.7,980.0,490.0,50.0,15.2,16.2,65.0,4.8,2.0,0.5,59.0
West,2016,2750000,103.0,132.0,46.0,31.0,3500.0,26.0,0.8,1010.0,556.0,45.0,15.4,16.6,66.0,4.9,2.1,0.5,60.0
West,2017,2820000,104.0,136.0,47.0,31.0,3600.0,30.0,0.9,1040.0,624.0,40.0,15.6,17.0,67.0,5.0,2.2,0.5,61.0
West,2018,2890000,105.0,140.0,48.0,32.0,3700.0,35.0,1.0,1070.0,695.0,35.0,15.8,17.4,68.0,5.1,2.3,0.4,62.0
West,2019,2960000,106.0,144.0,49.0,32.0,3800.0,40.0,1.1,1100.0,768.0,31.0,16.0,17.8,69.0,5.2,2.4,0.4,63.0
West,2020,3030000,107.0,148.0,50.0,33.0,3900.0,45.0,1.2,1130.0,844.0,27.0,16.2,18.2,70.0,5.3,2.5,0.4,64.0
West,2021,3100000,108.0,152.0,51.0,33.0,4000.0,51.0,1.3,1160.0,922.0,22.0,16.4,18.6,71.0,5.4,2.6,0.4,65.0
West,2022,3170000,109.0,156.0,52.0,34.0,4100.0,57.0,1.4,1190.0,1003.0,18.0,16.6,19.0,72.0,5.5,2.7,0.4,66.0
West,2023,3240000,110.0,160.0,53.0,34.0,4200.0,63.0,1.5,1220.0,1087.0,15.0,16.8,19.4,73.0,5.6,2.8,0.3,67.0
West,2024,3310000,111.0,164.0,54.0,35.0,4300.0,70.0,1.6,1250.0,1173.0,12.0,17.0,19.8,74.0,5.7,2.9,0.3,68.0
West,2025,3380000,112.0,168.0,55.0,35.0,4400.0,77.0,1.8,1280.0,1262.0,10.0,17.2,20.2,75.0,5.8,3.0,0.3,69.0
West,2026,3450000,113.0,172.0,56.0,36.0,4500.0,84.0,1.9,1310.0,1354.0,8.0,17.4,20.6,76.0,5.9,3.1,0.3,70.0
West,2027,3520000,114.0,176.0,57.0,36.0,4600.0,92.0,2.0,1340.0,1449.0,6.0,17.6,21.0,77.0,6.0,3.2,0.3,71.0
West,2028,3590000,115.0,180.0,58.0,37.0,4700.0,100.0,2.1,1370.0,1547.0,5.0,17.8,21.4,78.0,6.1,3.3,0.3,72.0
West,2029,3660000,116.0,184.0,59.0,37.0,4800.0,108.0,2.2,1400.0,1648.0,4.0,18.0,21.8,79.0,6.2,3.4,0.3,73.0
West,2030,3730000,117.0,188.0,60.0,38.0,4900.0,117.0,2.4,1430.0,1752.0,3.0,18.2,22.2,80.0,6.3,3.5,0.3,74.0
Central,1800,300000,15.0,15.5,1.5,1.0,180.0,1.0,0.2,60.0,3.6,92.0,1.0,3.5,20.0,0.5,0.06,0.02,42.13
Central,1801,300000,15.0,15.5,1.5,1.0,180.0,1.0,0.2,60.0,3.6,92.0,1.0,3.5,20.0,0.5,0.06,0.02,42.13
Central,1802,300000,15.0,15.5,1.5,1.0,180.0,1.0,0.2,60.0,3.6,92.0,1.0,3.5,20.0,0.5,0.06,0.02,42.13
Central,1803,300000,15.0,15.5,1.5,1.0,180.0,1.0,0.2,60.0,3.6,92.0,1.0,3.5,20.0,0.5,0.06,0.02,42.13
Central,1804,300000,15.0,15.5,1.5,1.0,180.0,1.0,0.2,60.0,3.6,92.0,1.0,3.5,20.0,0.5,0.06,0.02,42.13
Central,1805,300000,15.0,15.5,1.5,1.0,180.0,1.0,0.2,60.0,3.6,92.0,1.0,3.5,20.0,0.5,0.06,0.02,42.13
Central,1806,300000,15.0,15.5,1.5,1.0,180.0,1.0,0.2,60.0,3.6,92.0,1.0,3.5,20.0,0.5,0.06,0.02,42.13
Central,1807,300000,15.0,15.5,1.5,1.0,180.0,1.0,0.2,60.0,3.6,92.0,1.0,3.5,20.0,0.5,0.06,0.02,42.13
Central,1808,300000,15.0,15.5,1.5,1.0,180.0,1.0,0.2,60.0,3.6,92.0,1.0,3.5,20.0,0.5,0.06,0.02,42.13
Central,1809,300000,15.0,15.5,1.5,1.0,180.0,1.0,0.2,60.0,3.6,92.0,1.0,3.5,20.0,0.5,0.06,0.02,42.13
Central,1810,300000,15.0,15.5,1.5,1.0,180.0,1.0,0.2,60.0,3.6,92.0,1.0,3.5,20.0,0.5,0.06,0.02,42.13
Central,1811,300000,15.0,15.5,1.5,1.0,180.0,1.0,0.2,60.0,3.6,92.0,1.0,3.5,20.0,0.5,0.06,0.02,42.13
Central,1812,300000,15.0,15.5,1.5,1.0,180.0,1.0,0.2,60.0,3.6,92.0,1.0,3.5,20.0,0.5,0.06,0.02,42.13
Central,1813,300000,15.0,15.5,1.5,1.0,180.0,1.0,0.2,60.0,3.6,92.0,1.0,3.5,20.0,0.5,0.06,0.02,42.13
Central,1814,300000,15.0,15.5,1.5,1.0,180.0,1.0,0.2,60.0,3.6,92.0,1.0,3.5,20.0,0.5,0.06,0.02,42.13
Central,1815,300000,15.0,15.5,1.5,1.0,180.0,1.0,0.2,60.0,3.6,92.0,1.0,3.5,20.0,0.5,0.06,0.02,42.13
Central,1816,300000,15.0,15.5,1.5,1.0,180.0,1.0,0.2,60.0,3.6,92.0,1.0,3.5,20.0,0.5,0.06,0.02,42.13
Central,1817,300000,15.0,15.5,1.5,1.0,180.0,1.0,0.2,60.0,3.6,92.0,1.0,3.5,20.0,0.5,0.06,0.02,42.13
Central,1818,300000,15.0,15.5,1.5,1.0,180.0,1.0,0.2,60.0,3.6,92.0,1.0,3.5,20.0,0.5,0.06,0.02,42.13
Central,1819,300000,15.0,15.5,1.5,1.0,180.0,1.0,0.2,60.0,3.6,92.0,1.0,3.5,20.0,0.5,0.06,0.02,42.13
Central,1820,300000,15.0,15.5,1.5,1.0,180.0,1.0,0.2,60.0,3.6,92.0,1.0,3.5,20.0,0.5,0.06,0.02,42.13
Central,1821,300000,15.0,15.5,1.5,1.0,180.0,1.0,0.2,60.0,3.6,92.0,1.0,3.5,20.0,0.5,0.06,0.02,42.13
Central,1822,300000,15.0,15.5,1.5,1.0,180.0,1.0,0.2,60.0,3.6,92.0,1.0,3.5,20.0,0.5,0.06,0.02,42.13
Central,1823,300000,15.0,15.5,1.5,1.0,180.0,1.0,0.2,60.0,3.6,92.0,1.0,3.5,20.0,0.5,0.06,0.02,42.13
Central,1824,300000,15.0,15.5,1.5,1.0,180.0,1.0,0.2,60.0,3.6,92.0,1.0,3.5,20.0,0.5,0.06,0.02,42.13
Central,1825,300000,15.0,15.5,1.5,1.0,180.0,1.0,0.2,60.0,3.6,92.0,1.0,3.5,20.0,0.5,0.06,0.02,42.13
Central,1826,300000,15.0,15.5,1.5,1.0,180.0,1.0,0.2,60.0,3.6,92.0,1.0,3.5,20.0,0.5,0.06,0.02,42.13
Central,1827,300000,15.0,15.5,1.5,1.0,180.0,1.0,0.2,60.0,3.6,92.0,1.0,3.5,20.0,0.5,0.06,0.02,42.13
Central,1828,300000,15.0,15.5,1.5,1.0,180.0,1.0,0.2,60.0,3.6,92.0,1.0,3.5,20.0,0.5,0.06,0.02,42.13
Central,1829,300000,15.0,15.5,1.5,1.0,180.0,1.0,0.2,60.0,3.6,92.0,1.0,3.5,20.0,0.5,0.06,0.02,42.13
Central,1830,300000,15.0,15.5,1.5,1.0,180.0,1.0,0.2,60.0,3.6,92.0,1.0,3.5,20.0,0.5,0.06,0.02,42.13
Central,1831,300000,15.0,15.5,1.5,1.0,180.0,1.0,0.2,60.0,3.6,92.0,1.0,3.5,20.0,0.5,0.06,0.02,42.13
Central,1832,300000,15.0,15.5,1.5,1.0,180.0,1.0,0.2,60.0,3.6,92.0,1.0,3.5,20.0,0.5,0.06,0.02,42.13
Central,1833,300000,15.0,15.5,1.5,1.0,180.0,1.0,0.2,60.0,3.6,92.0,1.0,3.5,20.0,0.5,0.06,0.02,42.13
Central,1834,300000,15.0,15.5,1.5,1.0,180.0,1.0,0.2,60.0,3.6,92.0,1.0,3.5,20.0,0.5,0.06,0.02,42.13
Central,1835,300000,15.0,15.5,1.5,1.0,180.0,1.0,0.2,60.0,3.6,92.0,1.0,3.5,20.0,0.5,0.06,0.02,42.13
Central,1836,300000,15.0,15.5,1.5,1.0,180.0,1.0,0.2,60.0,3.6,92.0,1.0,3.5,20.0,0.5,0.06,0.02,42.13
Central,1837,300000,15.0,15.5,1.5,1.0,180.0,1.0,0.2,60.0,3.6,92.0,1.0,3.5,20.0,0.5,0.06,0.02,42.13
Central,1838,300000,15.0,15.5,1.5,1.0,180.0,1.0,0.2,60.0,3.6,92.0,1.0,3.5,20.0,0.5,0.06,0.02,42.13
Central,1839,300000,15.0,15.5,1.5,1.0,180.0,1.0,0.2,60.0,3.6,92.0,1.0,3.5,20.0,0.5,0.06,0.02,42.13
Central,1840,300000,15.0,15.5,1.5,1.0,180.0,1.0,0.2,60.0,3.6,92.0,1.0,3.5,20.0,0.5,0.06,0.02,42.13
Central,1841,300000,15.0,15.5,1.5,1.0,180.0,1.0,0.2,60.0,3.6,92.0,1.0,3.5,20.0,0.5,0.06,0.02,42.13
Central,1842,300000,15.0,15.5,1.5,1.0,180.0,1.0,0.2,60.0,3.6,92.0,1.0,3.5,20.0,0.5,0.06,0.02,42.13
Central,1843,300000,15.0,15.5,1.5,1.0,180.0,1.0,0.2,60.0,3.6,92.0,1.0,3.5,20.0,0.5,0.06,0.02,42.13
Central,1844,300000,15.0,15.5,1.5,1.0,180.0,1.0,0.2,60.0,3.6,92.0,1.0,3.5,20.0,0.5,0.06,0.02,42.13
Central,1845,300000,15.0,15.5,1.5,1.0,180.0,1.0,0.2,60.0,3.6,92.0,1.0,3.5,20.0,0.5,0.06,0.02,42.13
Central,1846,300000,15.0,15.5,1.5,1.0,180.0,1.0,0.2,60.0,3.6,92.0,1.0,3.5,20.0,0.5,0.06,0.02,42.13
Central,1847,300000,15.0,15.5,1.5,1.0,180.0,1.0,0.2,60.0,3.6,92.0,1.0,3.5,20.0,0.5,0.06,0.02,42.13
Central,1848,300000,15.0,15.5,1.5,1.0,180.0,1.0,0.2,60.0,3.6,92.0,1.0,3.5,20.0,0.5,0.06,0.02,42.13
Central,1849,300000,15.0,15.5,1.5,1.0,180.0,1.0,0.2,60.0,3.6,92.0,1.0,3.5,20.0,0.5,0.06,0.02,42.13
Central,1850,300000,15.0,15.5,1.5,1.0,180.0,1.0,0.2,60.0,3.6,92.0,1.0,3.5,20.0,0.5,0.06,0.02,42.13
Central,1851,300000,15.0,15.5,1.5,1.0,180.0,1.0,0.2,60.0,3.6,92.0,1.0,3.5,20.0,0.5,0.06,0.02,42.13
Central,1852,300000,15.0,15.5,1.5,1.0,180.0,1.0,0.2,60.0,3.6,92.0,1.0,3.5,20.0,0.5,0.06,0.02,42.13
Central,1853,300000,15.0,15.5,1.5,1.0,180.0,1.0,0.2,60.0,3.6,92.0,1.0,3.5,20.0,0.5,0.06,0.02,42.13
Central,1854,300000,15.0,15.5,1.5,1.0,180.0,1.0,0.2,60.0,3.6,92.0,1.0,3.5,20.0,0.5,0.06,0.02,42.13
Central,1855,300000,15.0,15.5,1.5,1.0,180.0,1.0,0.2,60.0,3.6,92.0,1.0,3.5,20.0,0.5,0.06,0.02,42.13
Central,1856,300000,15.0,15.5,1.5,1.0,180.0,1.0,0.2,60.0,3.6,92.0,1.0,3.5,20.0,0.5,0.06,0.02,42.13
Central,1857,300000,15.0,15.5,1.5,1.0,180.0,1.0,0.2,60.0,3.6,92.0,1.0,3.5,20.0,0.5,0.06,0.02,42.13
Central,1858,300000,15.0,15.5,1.5,1.0,180.0,1.0,0.2,60.0,3.6,92.0,1.0,3.5,20.0,0.5,0.06,0.02,42.13
Central,1859,300000,15.0,15.5,1.5,1.0,180.0,1.0,0.2,60.0,3.6,92.0,1.0,3.5,20.0,0.5,0.06,0.02,42.13
Central,1860,300000,15.0,15.5,1.5,1.0,180.0,1.0,0.2,60.0,3.6,92.0,1.0,3.5,20.0,0.5,0.06,0.02,42.13
Central,1861,300000,15.0,15.5,1.5,1.0,180.0,1.0,0.2,60.0,3.6,92.0,1.0,3.5,20.0,0.5,0.06,0.02,42.13
Central,1862,300000,15.0,15.5,1.5,1.0,180.0,1.0,0.2,60.0,3.6,92.0,1.0,3.5,20.0,0.5,0.06,0.02,42.13
Central,1863,300000,15.0,15.5,1.5,1.0,180.0,1.0,0.2,60.0,3.6,92.0,1.0,3.5,20.0,0.5,0.06,0.02,42.13
Central,1864,300000,15.0,15.5,1.5,1.0,180.0,1.0,0.2,60.0,3.6,92.0,1.0,3.5,20.0,0.5,0.06,0.02,42.13
Central,1865,300000,15.0,15.5,1.5,1.0,180.0,1.0,0.2,60.0,3.6,92.0,1.0,3.5,20.0,0.5,0.06,0.02,42.13
Central,1866,300000,15.0,15.5,1.5,1.0,180.0,1.0,0.2,60.0,3.6,92.0,1.0,3.5,20.0,0.5,0.06,0.02,42.13
Central,1867,300000,15.0,15.5,1.5,1.0,180.0,1.0,0.2,60.0,3.6,92.0,1.0,3.5,20.0,0.5,0.06,0.02,42.13
Central,1868,300000,15.0,15.5,1.5,1.0,180.0,1.0,0.2,60.0,3.6,92.0,1.0,3.5,20.0,0.5,0.06,0.02,42.13
Central,1869,300000,15.0,15.5,1.5,1.0,180.0,1.0,0.2,60.0,3.6,92.0,1.0,3.5,20.0,0.5,0.06,0.02,42.13
Central,1870,300000,15.0,15.5,1.5,1.0,180.0,1.0,0.2,60.0,3.6,92.0,1.0,3.5,20.0,0.5,0.06,0.02,42.13
Central,1871,300000,15.0,15.5,1.5,1.0,180.0,1.0,0.2,60.0,3.6,92.0,1.0,3.5,20.0,0.5,0.06,0.02,42.13
Central,1872,300000,15.0,15.5,1.5,1.0,180.0,1.0,0.2,60.0,3.6,92.0,1.0,3.5,20.0,0.5,0.06,0.02,42.13
Central,1873,300000,15.0,15.5,1.5,1.0,180.0,1.0,0.2,60.0,3.6,92.0,1.0,3.5,20.0,0.5,0.06,0.02,42.13
Central,1874,300000,15.0,15.5,1.5,1.0,180.0,1.0,0.2,60.0,3.6,92.0,1.0,3.5,20.0,0.5,0.06,0.02,42.13
Central,1875,300000,15.0,15.5,1.5,1.0,180.0,1.0,0.2,60.0,3.6,92.0,1.0,3.5,20.0,0.5,0.06,0.02,42.13
Central,1876,300000,15.0,15.5,1.5,1.0,180.0,1.0,0.2,60.0,3.6,92.0,1.0,3.5,20.0,0.5,0.06,0.02,42.13
Central,1877,300000,15.0,15.5,1.5,1.0,180.0,1.0,0.2,60.0,3.6,92.0,1.0,3.5,20.0,0.5,0.06,0.023,42.13
Central,1878,300000,15.0,15.5,1.5,1.0,180.0,1.0,0.2,60.0,3.6,92.0,1.0,3.5,20.0,0.5,0.06,0.025,42.13
Central,1879,300000,15.0,15.5,1.5,1.0,180.0,1.0,0.2,60.0,3.6,92.0,1.0,3.5,20.0,0.5,0.06,0.027,42.13
Central,1880,300000,15.0,15.5,1.5,1.0,180.0,1.0,0.2,60.0,3.6,92.0,1.0,3.5,20.0,0.5,0.06,0.029,42.13
Central,1881,300000,15.0,15.5,1.5,1.0,180.0,1.0,0.2,60.0,3.6,92.0,1.0,3.5,20.0,0.5,0.06,0.031,42.13
Central,1882,300000,15.0,15.5,1.5,1.0,180.0,1.0,0.2,60.0,3.6,92.0,1.0,3.5,20.0,0.5,0.06,0.033,42.13
Central,1883,300000,15.0,15.5,1.5,1.0,180.0,1.0,0.2,60.0,3.6,92.0,1.0,3.5,20.0,0.5,0.06,0.035,42.13
Central,1884,300000,15.0,15.5,1.5,1.0,180.0,1.0,0.2,60.0,3.6,92.0,1.0,3.5,20.0,0.5,0.06,0.037,42.13
Central,1885,300000,15.0,15.5,1.5,1.0,180.0,1.0,0.2,60.0,3.6,92.0,1.0,3.5,20.0,0.5,0.06,0.039,42.13
Central,1886,300000,15.0,15.5,1.5,1.0,180.0,1.0,0.2,60.0,3.6,92.0,1.0,3.5,20.0,0.5,0.06,0.042,42.13
Central,1887,300000,15.0,15.5,1.5,1.0,180.0,1.0,0.2,60.0,3.6,92.0,1.0,3.5,20.0,0.5,0.06,0.044,42.13
Central,1888,300000,15.0,15.5,1.5,1.0,180.0,1.0,0.2,60.0,3.6,92.0,1.0,3.5,20.0,0.5,0.06,0.046,42.13
Central,1889,300000,15.0,15.5,1.5,1.0,180.0,1.0,0.2,60.0,3.6,92.0,1.0,3.5,20.0,0.5,0.06,0.048,42.13
Central,1890,300000,15.0,15.5,1.5,1.0,180.0,1.0,0.2,60.0,3.6,92.0,1.0,3.5,20.0,0.5,0.06,0.05,42.13
Central,1891,300000,15.0,15.5,1.5,1.0,180.0,1.0,0.2,60.0,3.6,92.0,1.0,3.5,20.0,0.5,0.06,0.052,42.13
Central,1892,300000,15.0,15.5,1.5,1.0,180.0,1.0,0.2,60.0,3.6,92.0,1.0,3.5,20.0,0.5,0.06,0.054,42.13
Central,1893,300000,15.0,15.5,1.5,1.0,180.0,1.0,0.2,60.0,3.6,92.0,1.0,3.5,20.0,0.5,0.06,0.056,42.13
Central,1894,300000,15.0,15.5,1.5,1.0,180.0,1.0,0.2,60.0,3.6,92.0,1.0,3.5,20.0,0.5,0.06,0.058,42.13
Central,1895,300000,15.0,15.5,1.5,1.0,180.0,1.0,0.2,60.0,3.6,92.0,1.0,3.5,20.0,0.5,0.06,0.06,42.13
Central,1896,300000,15.0,15.5,1.5,1.0,180.0,1.0,0.2,60.0,3.6,92.0,1.0,3.5,20.0,0.5,0.06,0.063,42.13
Central,1897,300000,15.0,15.5,1.5,1.0,180.0,1.0,0.2,60.0,3.6,92.0,1.0,3.5,20.0,0.5,0.06,0.065,42.13
Central,1898,300000,15.0,15.5,1.5,1.0,180.0,1.0,0.2,60.0,3.6,92.0,1.0,3.5,20.0,0.5,0.06,0.067,42.13
Central,1899,300000,15.0,15.5,1.5,1.0,180.0,1.0,0.2,60.0,3.6,92.0,1.0,3.5,20.0,0.5,0.06,0.069,42.13
Central,1900,300000,15.0,15.5,1.5,1.0,180.0,1.0,0.2,60.0,3.6,92.0,1.0,3.5,20.0,0.5,0.06,0.071,42.13
Central,1901,300000,15.0,15.5,1.5,1.0,180.0,1.0,0.2,60.0,3.6,92.0,1.0,3.5,20.0,0.5,0.06,0.073,42.13
Central,1902,300000,15.0,15.5,1.5,1.0,180.0,1.0,0.2,60.0,3.6,92.0,1.0,3.5,20.0,0.5,0.06,0.075,42.13
Central,1903,300000,15.0,15.5,1.5,1.0,180.0,1.0,0.2,60.0,3.6,92.0,1.0,3.5,20.0,0.5,0.06,0.077,42.13
Central,1904,300000,15.0,15.5,1.5,1.0,180.0,1.0,0.2,60.0,3.6,92.0,1.0,3.5,20.0,0.5,0.06,0.079,42.13
Central,1905,300000,15.0,15.5,1.5,1.0,180.0,1.0,0.2,60.0,3.6,92.0,1.0,3.5,20.0,0.5,0.06,0.082,42.13
Central,1906,300000,15.0,15.5,1.5,1.0,180.0,1.0,0.2,60.0,3.6,92.0,1.0,3.5,20.0,0.5,0.06,0.084,42.13
Central,1907,300000,15.0,15.5,1.5,1.0,180.0,1.0,0.2,60.0,3.6,92.0,1.0,3.5,20.0,0.5,0.06,0.086,42.13
Central,1908,300000,15.0,15.5,1.5,1.0,180.0,1.0,0.2,60.0,3.6,92.0,1.0,3.5,20.0,0.5,0.06,0.088,42.13
Central,1909,300000,15.0,15.5,1.5,1.0,180.0,1.0,0.2,60.0,3.6,92.0,1.0,3.5,20.0,0.5,0.06,0.09,42.13
Central,1910,300000,15.0,15.5,1.5,1.0,180.0,1.0,0.2,60.0,3.6,92.0,1.0,3.5,20.0,0.5,0.06,0.092,42.13
Central,1911,300000,15.0,15.5,1.5,1.0,180.0,1.0,0.2,60.0,3.6,92.0,1.0,3.5,20.0,0.5,0.06,0.094,42.13
Central,1912,300000,15.0,15.5,1.5,1.0,180.0,1.0,0.2,60.0,3.6,92.0,1.0,3.5,20.0,0.5,0.06,0.096,42.13
Central,1913,300000,15.0,15.5,1.5,1.0,180.0,1.0,0.2,60.0,3.6,92.0,1.0,3.5,20.0,0.5,0.06,0.098,42.13
Central,1914,300000,15.0,15.5,1.5,1.0,180.0,1.0,0.2,60.0,3.6,92.0,1.0,3.5,20.0,0.5,0.06,0.101,42.13
Central,1915,300000,15.0,15.5,1.5,1.0,180.0,1.0,0.2,60.0,3.6,92.0,1.0,3.5,20.0,0.5,0.06,0.103,42.13
Central,1916,300000,15.0,15.5,1.5,1.0,180.0,1.0,0.2,60.0,3.6,92.0,1.0,3.5,20.0,0.5,0.06,0.105,42.13
Central,1917,300000,15.0,15.5,1.5,1.0,180.0,1.0,0.2,60.0,3.6,92.0,1.0,3.5,20.0,0.5,0.06,0.107,42.13
Central,1918,300000,15.0,15.5,1.5,1.0,180.0,1.0,0.2,60.0,3.6,92.0,1.06,3.5,20.0,0.5,0.06,0.109,42.14
Central,1919,300000,15.0,15.5,1.5,1.0,180.0,1.0,0.2,60.0,3.6,92.0,1.16,3.5,20.0,0.5,0.06,0.111,42.16
Central,1920,300000,15.0,15.5,1.5,1.0,180.0,1.0,0.2,60.0,3.6,92.0,1.25,3.5,20.0,0.5,0.06,0.113,42.17
Central,1921,300000,15.0,15.5,1.5,1.0,180.0,1.0,0.2,60.0,3.6,92.0,1.35,3.5,20.0,0.5,0.06,0.115,42.19
Central,1922,300000,15.0,15.5,1.5,1.0,180.0,1.0,0.2,60.0,3.6,92.0,1.45,3.5,20.0,0.5,0.06,0.117,42.21
Central,1923,300000,15.0,15.5,1.5,1.0,180.0,1.0,0.2,60.0,3.6,92.0,1.55,3.5,20.0,0.5,0.06,0.119,42.23
Central,1924,300000,15.0,15.5,1.5,1.0,180.0,1.0,0.2,60.0,3.6,92.0,1.64,3.5,20.0,0.5,0.06,0.122,42.24
Central,1925,300000,15.0,15.5,1.5,1.0,180.0,1.0,0.2,60.0,3.6,92.0,1.74,3.5,20.0,0.5,0.06,0.124,42.26
Central,1926,300000,15.0,15.5,1.5,1.0,180.0,1.0,0.2,60.0,3.6,92.0,1.84,3.5,20.0,0.5,0.06,0.125,42.28
Central,1927,300000,15.0,15.5,1.5,1.0,180.0,1.0,0.2,60.0,3.6,92.0,1.94,3.5,20.0,0.5,0.06,0.125,42.3
Central,1928,300000,15.0,15.5,1.5,1.0,180.0,1.0,0.2,60.0,3.6,92.0,2.03,3.5,20.0,0.5,0.06,0.125,42.31
Central,1929,300000,15.0,15.5,1.5,1.0,180.0,1.0,0.2,60.0,3.6,92.0,2.13,3.5,20.0,0.5,0.06,0.125,42.33
Central,1930,300000,15.0,15.5,1.5,1.0,180.0,1.0,0.2,60.0,3.6,92.0,2.23,3.5,20.0,0.5,0.06,0.125,42.35
Central,1931,300000,15.0,15.5,1.5,1.0,180.0,1.0,0.2,60.0,3.6,92.0,2.33,3.5,20.0,0.5,0.06,0.125,42.37
Central,1932,300000,15.0,15.5,1.5,1.0,180.0,1.0,0.2,60.0,3.6,92.0,2.42,3.5,20.0,0.5,0.06,0.125,42.38
Central,1933,300000,15.0,15.5,1.5,1.0,180.0,1.0,0.2,60.0,3.6,92.0,2.52,3.5,20.0,0.5,0.06,0.125,42.4
Central,1934,300000,15.0,15.5,1.5,1.0,180.0,1.0,0.2,60.0,3.6,92.0,2.62,3.5,20.0,0.5,0.06,0.125,42.42
Central,1935,300000,15.0,15.5,1.5,1.0,180.0,1.0,0.2,60.0,3.6,92.0,2.72,3.5,20.0,0.5,0.06,0.125,42.44
Central,1936,300000,15.0,15.5,1.5,1.0,180.0,1.0,0.2,60.0,3.6,92.0,2.81,3.5,20.0,0.5,0.06,0.125,42.45
Central,1937,300000,15.0,15.5,1.5,1.0,180.0,1.0,0.2,60.0,3.6,92.0,2.91,3.5,20.0,0.5,0.06,0.125,42.47
Central,1938,300000,15.0,15.5,1.5,1.0,180.0,1.0,0.2,60.0,3.6,92.0,3.01,3.5,20.0,0.5,0.06,0.125,42.49
Central,1939,300000,15.0,15.5,1.5,1.0,180.0,1.0,0.2,60.0,3.6,92.0,3.11,3.5,20.0,0.5,0.06,0.125,42.51
Central,1940,300000,15.0,15.5,1.5,1.0,180.0,1.0,0.2,60.0,3.6,92.0,3.2,3.5,20.0,0.5,0.06,0.125,42.52
Central,1941,300000,15.0,15.5,1.5,1.0,180.0,1.0,0.2,60.0,3.6,92.0,3.3,3.5,20.0,0.5,0.06,0.125,42.54
Central,1942,300000,15.0,15.5,1.5,1.0,180.0,1.0,0.2,60.0,3.6,92.0,3.4,3.5,20.0,0.5,0.06,0.125,42.56
Central,1943,300000,15.0,15.5,1.5,1.0,180.0,1.0,0.2,60.0,3.6,92.0,3.5,3.5,20.0,0.5,0.06,0.125,42.58
Central,1944,300000,15.0,15.5,1.5,1.0,180.0,1.0,0.2,60.0,3.6,92.0,3.59,3.5,20.0,0.5,0.06,0.125,42.6
Central,1945,300000,15.0,15.5,1.5,1.0,180.0,1.0,0.2,60.0,3.6,92.0,3.69,3.5,20.0,0.5,0.06,0.125,42.61
Central,1946,300000,15.0,15.5,1.5,1.0,180.0,1.0,0.2,60.0,3.6,92.0,3.79,3.5,20.0,0.5,0.06,0.125,42.63
Central,1947,300000,15.0,15.5,1.5,1.0,180.0,1.0,0.2,60.0,3.6,92.0,3.89,3.5,20.0,0.5,0.06,0.125,42.65
Central,1948,300000,15.0,15.5,1.5,1.0,180.0,1.0,0.2,60.0,3.6,92.0,3.98,3.5,20.0,0.5,0.06,0.125,42.67
Central,1949,300000,15.0,15.5,1.5,1.0,180.0,1.0,0.2,60.0,3.6,92.0,4.08,3.5,20.0,0.5,0.06,0.125,42.68
Central,1950,300000,15.0,15.5,1.5,1.0,180.0,1.0,0.2,60.0,3.6,92.0,4.18,3.5,20.0,0.5,0.06,0.125,42.7
Central,1951,300000,15.0,15.5,1.5,1.0,180.0,1.0,0.2,60.0,3.6,92.0,4.28,3.5,20.0,0.5,0.06,0.125,42.72
Central,1952,300000,15.0,15.5,1.5,1.0,180.0,1.0,0.2,60.0,3.6,92.0,4.37,3.5,20.0,0.5,0.06,0.125,42.74
Central,1953,300000,16.0,16.5,1.5,1.0,180.0,1.0,0.2,60.0,3.6,92.0,4.47,3.5,20.0,0.5,0.06,0.125,42.75
Central,1954,300000,17.0,17.5,1.5,1.0,180.0,1.0,0.2,60.0,3.6,92.0,4.57,3.5,20.0,0.5,0.06,0.125,42.77
Central,1955,300000,18.0,18.5,1.5,1.0,180.0,1.0,0.2,60.0,3.6,92.0,4.67,3.5,20.0,0.5,0.06,0.125,42.79
Central,1956,300000,19.0,19.6,1.5,1.0,180.0,1.0,0.2,60.0,3.6,92.0,4.76,3.5,20.0,0.5,0.06,0.125,42.81
Central,1957,300000,20.0,20.6,1.5,1.0,180.0,1.0,0.2,60.0,3.6,92.0,4.86,3.5,20.0,0.5,0.06,0.125,42.82
Central,1958,300000,21.0,21.6,1.5,1.0,180.0,1.0,0.2,60.0,3.6,92.0,4.96,3.5,20.0,0.5,0.06,0.125,42.84
Central,1959,300000,22.0,22.7,1.5,1.0,180.0,1.0,0.2,60.0,3.6,92.0,5.05,3.5,20.0,0.5,0.06,0.125,42.86
Central,1960,350000,23.0,23.7,2.0,1.0,250.0,1.0,0.2,80.0,6.4,90.0,4.62,4.0,24.0,0.6,0.08,0.144,43.32
Central,1961,350000,24.0,24.7,2.0,1.0,250.0,1.0,0.2,80.0,6.4,90.0,4.73,4.0,24.0,0.6,0.08,0.144,43.34
Central,1962,350000,25.0,25.7,2.0,1.0,250.0,1.0,0.2,80.0,6.4,90.0,4.84,4.0,24.0,0.6,0.08,0.144,43.36
Central,1963,350000,26.0,26.8,2.0,1.0,250.0,1.0,0.2,80.0,6.4,90.0,4.94,4.0,24.0,0.6,0.08,0.144,43.38
Central,1964,350000,27.0,27.8,2.0,1.0,250.0,1.0,0.2,80.0,6.4,90.0,5.05,4.0,24.0,0.6,0.08,0.144,43.4
Central,1965,350000,28.0,28.8,2.0,1.0,250.0,1.0,0.2,80.0,6.4,90.0,5.16,4.0,24.0,0.6,0.08,0.144,43.42
Central,1966,350000,29.0,29.9,2.0,1.0,250.0,1.0,0.2,80.0,6.4,90.0,5.27,4.0,24.0,0.6,0.08,0.144,43.44
Central,1967,350000,30.0,30.9,2.0,1.0,250.0,1.0,0.2,80.0,6.4,90.0,5.37,4.0,24.0,0.6,0.08,0.144,43.46
Central,1968,350000,31.0,31.9,2.0,1.0,250.0,1.0,0.2,80.0,6.4,90.0,5.48,4.0,25.0,0.6,0.08,0.144,43.48
Central,1969,350000,32.0,33.0,2.0,1.0,250.0,1.0,0.2,80.0,6.4,90.0,5.59,4.0,26.0,0.6,0.08,0.144,43.5
Central,1970,350000,33.0,34.0,2.0,1.0,250.0,1.0,0.2,80.0,6.4,90.0,5.7,4.0,27.0,0.6,0.08,0.144,43.52
Central,1971,350000,34.0,35.0,2.0,1.0,250.0,1.0,0.2,80.0,6.4,90.0,5.8,4.0,28.0,0.6,0.08,0.144,43.54
Central,1972,350000,35.0,36.0,2.0,1.0,250.0,1.0,0.2,80.0,6.4,90.0,5.91,4.0,29.0,0.6,0.08,0.144,43.55
Central,1973,350000,36.0,37.1,2.0,1.0,250.0,1.0,0.2,80.0,6.4,90.0,6.02,4.0,30.0,0.6,0.08,0.144,43.57
Central,1974,350000,37.0,38.1,2.0,1.0,250.0,1.0,0.2,80.0,6.4,90.0,6.13,4.0,31.0,0.6,0.08,0.144,43.59
Central,1975,380000,38.0,39.1,2.0,1.0,250.0,1.0,0.2,80.0,6.4,90.0,6.23,4.0,32.0,0.6,0.08,0.144,43.61
Central,1976,410000,39.0,40.2,2.0,1.0,250.0,1.0,0.2,80.0,6.4,90.0,6.34,4.0,33.0,0.6,0.08,0.144,43.63
Central,1977,440000,40.0,41.2,2.0,1.0,250.0,1.0,0.2,80.0,6.4,90.0,6.45,4.0,34.0,0.6,0.08,0.144,43.65
Central,1978,470000,41.0,42.2,2.0,1.0,250.0,1.0,0.2,80.0,6.4,90.0,6.56,4.04,35.0,0.6,0.08,0.144,43.7
Central,1979,500000,42.0,43.3,2.0,1.0,250.0,1.0,0.2,80.0,6.4,90.0,6.66,4.48,36.0,0.716,0.08,0.172,43.8
Central,1980,530000,43.0,44.3,2.0,1.0,250.0,1.0,0.2,80.0,6.4,90.0,6.77,4.92,37.0,0.818,0.08,0.196,43.92
Central,1981,560000,44.0,45.3,2.0,1.2,250.0,1.0,0.2,80.0,6.4,90.0,6.88,5.36,38.0,0.897,0.08,0.215,44.07
Central,1982,590000,45.0,46.3,2.0,1.7,250.0,1.0,0.2,80.0,6.4,90.0,6.98,5.79,39.0,0.994,0.08,0.239,44.2
Central,1983,620000,46.0,47.4,2.0,2.0,250.0,1.0,0.2,80.0,6.4,90.0,7.09,6.23,40.0,1.086,0.08,0.261,44.34
Central,1984,650000,47.0,48.4,2.0,2.0,320.0,1.0,0.2,80.0,6.4,90.0,7.2,6.67,41.0,1.218,0.08,0.292,44.42
Central,1985,680000,48.0,49.4,2.0,2.0,400.0,1.0,0.2,80.0,6.4,90.0,7.31,7.11,42.0,1.315,0.08,0.316,44.54
Central,1986,710000,49.0,50.5,2.0,2.0,480.0,1.0,0.2,85.0,6.8,90.0,7.41,7.54,43.0,1.387,0.08,0.333,44.71
Central,1987,740000,50.0,51.5,2.0,2.0,560.0,1.0,0.2,100.0,8.0,90.0,7.52,7.98,44.0,1.484,0.08,0.356,44.84
Central,1988,770000,51.0,52.5,2.0,2.0,640.0,1.0,0.2,115.0,9.2,90.0,7.63,8.42,45.0,1.591,0.099,0.382,44.95
Central,1989,800000,52.0,53.6,2.0,2.0,720.0,1.0,0.2,130.0,10.4,90.0,7.74,8.86,46.0,1.686,0.197,0.405,45.09
Central,1990,830000,53.0,54.6,3.0,2.9,800.0,1.0,0.2,145.0,11.6,90.0,7.84,9.29,47.0,1.788,0.295,0.429,45.21
Central,1991,860000,54.0,55.6,4.0,3.9,880.0,1.0,0.2,160.0,12.8,90.0,8.01,9.81,48.0,1.849,0.386,0.444,45.45
Central,1992,890000,55.0,56.6,5.0,4.9,960.0,1.0,0.2,175.0,14.0,90.0,8.08,10.2,49.0,1.932,0.478,0.464,45.57
Central,1993,920000,56.0,57.7,6.0,5.9,1040.0,1.0,0.2,190.0,15.2,90.0,8.36,10.91,50.0,2.015,0.569,0.472,45.91
Central,1994,950000,57.0,58.7,7.0,6.9,1120.0,1.0,0.2,205.0,16.4,90.0,8.62,11.61,51.0,2.133,0.669,0.467,46.2
Central,1995,980000,58.0,59.7,8.0,7.8,1200.0,1.0,0.2,220.0,17.6,90.0,8.6,11.84,52.0,2.298,0.783,0.468,46.07
Central,1996,1010000,59.0,60.8,9.0,8.6,1280.0,1.0,0.2,235.0,18.8,90.0,8.54,12.0,53.0,2.475,0.904,0.47,45.88
Central,1997,1040000,60.0,61.8,10.0,9.1,1360.0,1.0,0.2,250.0,20.0,90.0,8.59,12.34,54.0,2.576,1.003,0.46,45.93
Central,1998,1070000,61.0,62.8,11.0,9.6,1440.0,1.0,0.2,265.0,21.2,90.0,8.8,12.97,55.0,2.637,1.086,0.445,46.25
Central,1999,1100000,62.0,63.9,12.0,10.1,1520.0,1.0,0.2,280.0,22.4,90.0,8.92,13.44,56.0,2.651,1.15,0.426,46.53
Central,2000,1130000,63.0,64.9,13.0,10.6,1600.0,1.0,0.2,295.0,23.6,90.0,8.79,13.42,57.0,2.776,1.255,0.42,46.3
Central,2001,1160000,64.0,65.9,14.0,11.1,1680.0,1.0,0.2,310.0,24.8,90.0,8.82,13.7,58.0,2.896,1.359,0.413,46.28
Central,2002,1190000,65.0,66.9,15.0,11.6,1760.0,1.0,0.2,325.0,26.0,90.0,8.84,13.96,59.0,2.96,1.439,0.4,46.34
Central,2003,1220000,66.0,68.0,16.0,12.1,1840.0,1.0,0.2,340.0,27.2,90.0,8.92,14.34,60.0,3.174,1.584,0.402,46.24
Central,2004,1250000,67.0,70.0,17.0,12.6,1920.0,1.0,0.2,355.0,28.4,90.0,8.95,14.61,61.0,3.378,1.727,0.403,45.75
Central,2005,1280000,68.0,72.0,18.0,13.1,2000.0,1.0,0.2,370.0,29.6,90.0,8.88,14.66,62.0,3.492,1.832,0.394,45.27
Central,2006,1310000,69.0,74.0,19.0,13.6,2080.0,1.0,0.2,385.0,30.8,90.0,8.97,15.05,63.0,3.534,1.901,0.38,45.15
Central,2007,1340000,70.0,76.0,20.0,14.0,2160.0,1.0,0.2,400.0,32.0,90.0,9.17,15.66,64.0,3.756,2.057,0.38,44.92
Central,2008,1370000,71.0,78.0,21.0,14.5,2240.0,1.0,0.2,415.0,33.2,90.0,9.24,16.0,65.0,3.966,2.209,0.378,44.54
Central,2009,1400000,72.0,80.0,22.0,15.0,2320.0,1.0,0.2,430.0,34.4,90.0,9.29,16.3,66.0,3.87,2.209,0.354,44.62
Central,2010,1430000,73.0,82.0,23.0,15.5,2400.0,1.0,0.24,445.0,43.9,90.0,9.13,16.12,67.0,4.01,2.326,0.347,44.42
Central,2011,1460000,74.0,84.0,24.0,16.0,2480.0,1.0,0.42,460.0,88.1,80.84,9.1,16.23,68.0,4.017,2.374,0.332,46.25
Central,2012,1490000,75.0,86.0,25.0,16.5,2560.0,4.1,0.6,475.0,134.4,71.71,9.25,16.72,69.0,4.145,2.485,0.325,48.12
Central,2013,1520000,76.0,88.0,26.0,17.0,2640.0,9.5,0.71,490.0,168.0,65.72,8.96,16.23,70.0,4.248,2.583,0.316,48.69
Central,2014,1550000,77.0,90.0,27.0,17.5,2720.0,13.3,0.8,505.0,197.7,60.86,8.72,15.83,71.0,4.372,2.692,0.308,49.05
Central,2015,1580000,78.0,92.0,28.0,18.0,2800.0,32.0,1.2,520.0,286.0,45.0,9.8,18.5,72.0,4.2,2.8,0.3,62.0
Central,2016,1610000,79.0,94.0,29.0,18.0,2880.0,38.0,1.4,535.0,321.0,40.0,9.9,18.9,73.0,4.3,2.9,0.3,63.0
Central,2017,1640000,80.0,96.0,30.0,19.0,2960.0,44.0,1.5,550.0,358.0,35.0,10.0,19.3,74.0,4.4,3.0,0.3,64.0
Central,2018,1670000,81.0,98.0,31.0,19.0,3040.0,51.0,1.7,565.0,396.0,31.0,10.1,19.7,75.0,4.5,3.1,0.3,65.0
Central,2019,1700000,82.0,100.0,32.0,20.0,3120.0,58.0,1.9,580.0,436.0,27.0,10.2,20.1,76.0,4.6,3.2,0.3,66.0
Central,2020,1730000,83.0,102.0,33.0,20.0,3200.0,66.0,2.1,595.0,478.0,22.0,10.3,20.5,77.0,4.7,3.3,0.3,67.0
Central,2021,1760000,84.0,104.0,34.0,21.0,3280.0,74.0,2.3,610.0,522.0,18.0,10.4,20.9,78.0,4.8,3.4,0.2,68.0
Central,2022,1790000,85.0,106.0,35.0,21.0,3360.0,82.0,2.5,625.0,568.0,15.0,10.5,21.3,79.0,4.9,3.5,0.2,69.0
Central,2023,1820000,86.0,108.0,36.0,22.0,3440.0,91.0,2.7,640.0,616.0,12.0,10.6,21.7,80.0,5.0,3.6,0.2,70.0
Central,2024,1850000,87.0,110.0,37.0,22.0,3520.0,100.0,2.8,655.0,666.0,10.0,10.7,22.1,81.0,5.1,3.7,0.2,71.0
Central,2025,1880000,88.0,112.0,38.0,23.0,3600.0,110.0,3.1,670.0,718.0,8.0,10.8,22.5,82.0,5.2,3.8,0.2,72.0
Central,2026,1910000,89.0,114.0,39.0,23.0,3680.0,120.0,3.3,685.0,772.0,6.0,10.9,22.9,83.0,5.3,3.9,0.2,73.0
Central,2027,1940000,90.0,116.0,40.0,24.0,3760.0,131.0,3.5,700.0,828.0,5.0,11.0,23.3,84.0,5.4,4.0,0.2,74.0
Central,2028,1970000,91.0,118.0,41.0,24.0,3840.0,142.0,3.6,715.0,886.0,4.0,11.1,23.7,85.0,5.5,4.1,0.2,75.0
Central,2029,2000000,92.0,120.0,42.0,25.0,3920.0,154.0,3.8,730.0,946.0,3.0,11.2,24.1,86.0,5.6,4.2,0.2,76.0
Central,2030,2030000,93.0,122.0,43.0,25.0,4000.0,166.0,4.0,745.0,1008.0,2.0,11.3,24.5,87.0,5.7,4.3,0.2,77.0
North-East,1800,300000,15.0,15.5,1.5,1.0,180.0,1.0,0.2,60.0,3.6,92.0,35.05,55.0,20.0,0.5,0.06,0.02,59.85
North-East,1801,300000,15.0,15.5,1.5,1.0,180.0,1.0,0.2,60.0,3.6,92.0,34.93,55.0,20.0,0.5,0.06,0.02,59.85
North-East,1802,300000,15.0,15.5,1.5,1.0,180.0,1.0,0.2,60.0,3.6,92.0,34.8,55.0,20.0,0.5,0.06,0.02,59.85
North-East,1803,300000,15.0,15.5,1.5,1.0,180.0,1.0,0.2,60.0,3.6,92.0,34.67,55.0,20.0,0.5,0.06,0.02,59.85
North-East,1804,300000,15.0,15.5,1.5,1.0,180.0,1.0,0.2,60.0,3.6,92.0,34.54,55.0,20.0,0.5,0.06,0.02,59.85
North-East,1805,300000,15.0,15.5,1.5,1.0,180.0,1.0,0.2,60.0,3.6,92.0,34.42,55.0,20.0,0.5,0.06,0.02,59.85
North-East,1806,300000,15.0,15.5,1.5,1.0,180.0,1.0,0.2,60.0,3.6,92.0,34.29,55.0,20.0,0.5,0.06,0.02,59.85
North-East,1807,300000,15.0,15.5,1.5,1.0,180.0,1.0,0.2,60.0,3.6,92.0,34.16,55.0,20.0,0.5,0.06,0.02,59.85
North-East,1808,300000,15.0,15.5,1.5,1.0,180.0,1.0,0.2,60.0,3.6,92.0,34.04,55.0,20.0,0.5,0.06,0.02,59.85
North-East,1809,300000,15.0,15.5,1.5,1.0,180.0,1.0,0.2,60.0,3.6,92.0,33.91,55.0,20.0,0.5,0.06,0.02,59.85
North-East,1810,300000,15.0,15.5,1.5,1.0,180.0,1.0,0.2,60.0,3.6,92.0,33.78,55.0,20.0,0.5,0.06,0.02,59.85
North-East,1811,300000,15.0,15.5,1.5,1.0,180.0,1.0,0.2,60.0,3.6,92.0,33.65,55.0,20.0,0.5,0.06,0.02,59.85
North-East,1812,300000,15.0,15.5,1.5,1.0,180.0,1.0,0.2,60.0,3.6,92.0,33.53,55.0,20.0,0.5,0.06,0.02,59.85
North-East,1813,300000,15.0,15.5,1.5,1.0,180.0,1.0,0.2,60.0,3.6,92.0,33.4,55.0,20.0,0.5,0.06,0.02,59.85
North-East,1814,300000,15.0,15.5,1.5,1.0,180.0,1.0,0.2,60.0,3.6,92.0,33.27,55.0,20.0,0.5,0.06,0.02,59.85
North-East,1815,300000,15.0,15.5,1.5,1.0,180.0,1.0,0.2,60.0,3.6,92.0,33.15,55.0,20.0,0.5,0.06,0.02,59.85
North-East,1816,300000,15.0,15.5,1.5,1.0,180.0,1.0,0.2,60.0,3.6,92.0,33.02,55.0,20.0,0.5,0.06,0.02,59.85
North-East,1817,300000,15.0,15.5,1.5,1.0,180.0,1.0,0.2,60.0,3.6,92.0,32.89,55.0,20.0,0.5,0.06,0.02,59.85
North-East,1818,300000,15.0,15.5,1.5,1.0,180.0,1.0,0.2,60.0,3.6,92.0,32.76,55.0,20.0,0.5,0.06,0.02,59.85
North-East,1819,300000,15.0,15.5,1.5,1.0,180.0,1.0,0.2,60.0,3.6,92.0,32.64,55.0,20.0,0.5,0.06,0.02,59.85
North-East,1820,300000,15.0,15.5,1.5,1.0,180.0,1.0,0.2,60.0,3.6,92.0,32.51,55.0,20.0,0.5,0.06,0.02,59.85
North-East,1821,300000,15.0,15.5,1.5,1.0,180.0,1.0,0.2,60.0,3.6,92.0,32.38,55.0,20.0,0.5,0.06,0.02,59.85
North-East,1822,300000,15.0,15.5,1.5,1.0,180.0,1.0,0.2,60.0,3.6,92.0,32.26,55.0,20.0,0.5,0.06,0.02,59.85
North-East,1823,300000,15.0,15.5,1.5,1.0,180.0,1.0,0.2,60.0,3.6,92.0,32.13,55.0,20.0,0.5,0.06,0.02,59.85
North-East,1824,300000,15.0,15.5,1.5,1.0,180.0,1.0,0.2,60.0,3.6,92.0,32.0,55.0,20.0,0.5,0.06,0.02,59.85
North-East,1825,300000,15.0,15.5,1.5,1.0,180.0,1.0,0.2,60.0,3.6,92.0,31.87,55.0,20.0,0.5,0.06,0.02,59.85
North-East,1826,300000,15.0,15.5,1.5,1.0,180.0,1.0,0.2,60.0,3.6,92.0,31.75,55.0,20.0,0.5,0.06,0.02,59.85
North-East,1827,300000,15.0,15.5,1.5,1.0,180.0,1.0,0.2,60.0,3.6,92.0,31.62,55.0,20.0,0.5,0.06,0.02,59.85
North-East,1828,300000,15.0,15.5,1.5,1.0,180.0,1.0,0.2,60.0,3.6,92.0,31.49,55.0,20.0,0.5,0.06,0.02,59.85
North-East,1829,300000,15.0,15.5,1.5,1.0,180.0,1.0,0.2,60.0,3.6,92.0,31.37,55.0,20.0,0.5,0.06,0.02,59.85
North-East,1830,300000,15.0,15.5,1.5,1.0,180.0,1.0,0.2,60.0,3.6,92.0,31.24,55.0,20.0,0.5,0.06,0.02,59.85
North-East,1831,300000,15.0,15.5,1.5,1.0,180.0,1.0,0.2,60.0,3.6,92.0,31.11,55.0,20.0,0.5,0.06,0.02,59.85
North-East,1832,300000,15.0,15.5,1.5,1.0,180.0,1.0,0.2,60.0,3.6,92.0,30.98,55.0,20.0,0.5,0.06,0.02,59.85
North-East,1833,300000,15.0,15.5,1.5,1.0,180.0,1.0,0.2,60.0,3.6,92.0,30.86,54.98,20.0,0.5,0.06,0.02,59.85
North-East,1834,300000,15.0,15.5,1.5,1.0,180.0,1.0,0.2,60.0,3.6,92.0,30.73,54.72,20.0,0.5,0.06,0.02,59.85
North-East,1835,300000,15.0,15.5,1.5,1.0,180.0,1.0,0.2,60.0,3.6,92.0,30.6,54.46,20.0,0.5,0.06,0.02,59.85
North-East,1836,300000,15.0,15.5,1.5,1.0,180.0,1.0,0.2,60.0,3.6,92.0,30.48,54.21,20.0,0.5,0.06,0.02,59.85
North-East,1837,300000,15.0,15.5,1.5,1.0,180.0,1.0,0.2,60.0,3.6,92.0,30.35,53.95,20.0,0.5,0.06,0.02,59.85
North-East,1838,300000,15.0,15.5,1.5,1.0,180.0,1.0,0.2,60.0,3.6,92.0,30.22,53.7,20.0,0.5,0.06,0.02,59.85
North-East,1839,300000,15.0,15.5,1.5,1.0,180.0,1.0,0.2,60.0,3.6,92.0,30.09,53.44,20.0,0.5,0.06,0.02,59.85
North-East,1840,300000,15.0,15.5,1.5,1.0,180.0,1.0,0.2,60.0,3.6,92.0,29.97,53.19,20.0,0.5,0.06,0.02,59.85
North-East,1841,300000,15.0,15.5,1.5,1.0,180.0,1.0,0.2,60.0,3.6,92.0,29.84,52.93,20.0,0.5,0.06,0.02,59.85
North-East,1842,300000,15.0,15.5,1.5,1.0,180.0,1.0,0.2,60.0,3.6,92.0,29.71,52.68,20.0,0.5,0.06,0.02,59.85
North-East,1843,300000,15.0,15.5,1.5,1.0,180.0,1.0,0.2,60.0,3.6,92.0,29.59,52.42,20.0,0.5,0.06,0.02,59.85
North-East,1844,300000,15.0,15.5,1.5,1.0,180.0,1.0,0.2,60.0,3.6,92.0,29.46,52.17,20.0,0.5,0.06,0.02,59.85
North-East,1845,300000,15.0,15.5,1.5,1.0,180.0,1.0,0.2,60.0,3.6,92.0,29.33,51.91,20.0,0.5,0.06,0.02,59.85
North-East,1846,300000,15.0,15.5,1.5,1.0,180.0,1.0,0.2,60.0,3.6,92.0,29.21,51.66,20.0,0.5,0.06,0.02,59.85
North-East,1847,300000,15.0,15.5,1.5,1.0,180.0,1.0,0.2,60.0,3.6,92.0,29.08,51.4,20.0,0.5,0.06,0.02,59.85
North-East,1848,300000,15.0,15.5,1.5,1.0,180.0,1.0,0.2,60.0,3.6,92.0,28.95,51.15,20.0,0.5,0.06,0.02,59.85
North-East,1849,300000,15.0,15.5,1.5,1.0,180.0,1.0,0.2,60.0,3.6,92.0,28.82,50.89,20.0,0.5,0.06,0.02,59.85
North-East,1850,300000,15.0,15.5,1.5,1.0,180.0,1.0,0.2,60.0,3.6,92.0,28.7,50.64,20.0,0.5,0.06,0.02,59.85
North-East,1851,300000,15.0,15.5,1.5,1.0,180.0,1.0,0.2,60.0,3.6,92.0,28.57,50.38,20.0,0.5,0.06,0.02,59.85
North-East,1852,300000,15.0,15.5,1.5,1.0,180.0,1.0,0.2,60.0,3.6,92.0,28.44,50.13,20.0,0.5,0.06,0.02,59.85
North-East,1853,300000,15.0,15.5,1.5,1.0,180.0,1.0,0.2,60.0,3.6,92.0,28.32,49.87,20.0,0.5,0.06,0.02,59.85
North-East,1854,300000,15.0,15.5,1.5,1.0,180.0,1.0,0.2,60.0,3.6,92.0,28.19,49.62,20.0,0.5,0.06,0.02,59.85
North-East,1855,300000,15.0,15.5,1.5,1.0,180.0,1.0,0.2,60.0,3.6,92.0,28.06,49.36,20.0,0.5,0.06,0.02,59.85
North-East,1856,300000,15.0,15.5,1.5,1.0,180.0,1.0,0.2,60.0,3.6,92.0,27.93,49.11,20.0,0.5,0.06,0.02,59.85
North-East,1857,300000,15.0,15.5,1.5,1.0,180.0,1.0,0.2,60.0,3.6,92.0,27.81,48.85,20.0,0.5,0.06,0.02,59.85
North-East,1858,300000,15.0,15.5,1.5,1.0,180.0,1.0,0.2,60.0,3.6,92.0,27.68,48.6,20.0,0.5,0.06,0.02,59.85
North-East,1859,300000,15.0,15.5,1.5,1.0,180.0,1.0,0.2,60.0,3.6,92.0,27.55,48.34,20.0,0.5,0.06,0.02,59.85
North-East,1860,300000,15.0,15.5,1.5,1.0,180.0,1.0,0.2,60.0,3.6,92.0,27.43,48.09,20.0,0.5,0.06,0.02,59.85
North-East,1861,300000,15.0,15.5,1.5,1.0,180.0,1.0,0.2,60.0,3.6,92.0,27.3,47.83,20.0,0.5,0.06,0.02,59.85
North-East,1862,300000,15.0,15.5,1.5,1.0,180.0,1.0,0.2,60.0,3.6,92.0,27.17,47.58,20.0,0.5,0.06,0.02,59.85
North-East,1863,300000,15.0,15.5,1.5,1.0,180.0,1.0,0.2,60.0,3.6,92.0,27.04,47.32,20.0,0.5,0.06,0.02,59.85
North-East,1864,300000,15.0,15.5,1.5,1.0,180.0,1.0,0.2,60.0,3.6,92.0,26.92,47.07,20.0,0.5,0.06,0.02,59.85
North-East,1865,300000,15.0,15.5,1.5,1.0,180.0,1.0,0.2,60.0,3.6,92.0,26.79,46.81,20.0,0.5,0.06,0.02,59.85
North-East,1866,300000,15.0,15.5,1.5,1.0,180.0,1.0,0.2,60.0,3.6,92.0,26.66,46.56,20.0,0.5,0.06,0.02,59.85
North-East,1867,300000,15.0,15.5,1.5,1.0,180.0,1.0,0.2,60.0,3.6,92.0,26.54,46.3,20.0,0.5,0.06,0.02,59.85
North-East,1868,300000,15.0,15.5,1.5,1.0,180.0,1.0,0.2,60.0,3.6,92.0,26.41,46.05,20.0,0.5,0.06,0.02,59.85
North-East,1869,300000,15.0,15.5,1.5,1.0,180.0,1.0,0.2,60.0,3.6,92.0,26.28,45.79,20.0,0.5,0.06,0.02,59.85
North-East,1870,300000,15.0,15.5,1.5,1.0,180.0,1.0,0.2,60.0,3.6,92.0,26.15,45.54,20.0,0.5,0.06,0.02,59.85
North-East,1871,300000,15.0,15.5,1.5,1.0,180.0,1.0,0.2,60.0,3.6,92.0,26.03,45.28,20.0,0.5,0.06,0.02,59.85
North-East,1872,300000,15.0,15.5,1.5,1.0,180.0,1.0,0.2,60.0,3.6,92.0,25.9,45.03,20.0,0.5,0.06,0.02,59.85
North-East,1873,300000,15.0,15.5,1.5,1.0,180.0,1.0,0.2,60.0,3.6,92.0,25.77,44.77,20.0,0.5,0.06,0.02,59.85
North-East,1874,300000,15.0,15.5,1.5,1.0,180.0,1.0,0.2,60.0,3.6,92.0,25.65,44.52,20.0,0.5,0.06,0.02,59.85
North-East,1875,300000,15.0,15.5,1.5,1.0,180.0,1.0,0.2,60.0,3.6,92.0,25.52,44.26,20.0,0.5,0.06,0.02,59.85
North-East,1876,300000,15.0,15.5,1.5,1.0,180.0,1.0,0.2,60.0,3.6,92.0,25.39,44.01,20.0,0.5,0.06,0.02,59.85
North-East,1877,300000,15.0,15.5,1.5,1.0,180.0,1.0,0.2,60.0,3.6,92.0,25.26,43.75,20.0,0.5,0.06,0.02,59.85
North-East,1878,300000,15.0,15.5,1.5,1.0,180.0,1.0,0.2,60.0,3.6,92.0,25.14,43.5,20.0,0.5,0.06,0.02,59.85
North-East,1879,300000,15.0,15.5,1.5,1.0,180.0,1.0,0.2,60.0,3.6,92.0,25.01,43.24,20.0,0.5,0.06,0.02,59.85
North-East,1880,300000,15.0,15.5,1.5,1.0,180.0,1.0,0.2,60.0,3.6,92.0,24.88,42.99,20.0,0.5,0.06,0.02,59.85
North-East,1881,300000,15.0,15.5,1.5,1.0,180.0,1.0,0.2,60.0,3.6,92.0,24.76,42.73,20.0,0.5,0.06,0.02,59.85
North-East,1882,300000,15.0,15.5,1.5,1.0,180.0,1.0,0.2,60.0,3.6,92.0,24.63,42.47,20.0,0.5,0.06,0.02,59.85
North-East,1883,300000,15.0,15.5,1.5,1.0,180.0,1.0,0.2,60.0,3.6,92.0,24.5,42.22,20.0,0.5,0.06,0.02,59.85
North-East,1884,300000,15.0,15.5,1.5,1.0,180.0,1.0,0.2,60.0,3.6,92.0,24.37,41.96,20.0,0.5,0.06,0.02,59.85
North-East,1885,300000,15.0,15.5,1.5,1.0,180.0,1.0,0.2,60.0,3.6,92.0,24.25,41.71,20.0,0.5,0.06,0.02,59.85
North-East,1886,300000,15.0,15.5,1.5,1.0,180.0,1.0,0.2,60.0,3.6,92.0,24.12,41.45,20.0,0.5,0.06,0.02,59.85
North-East,1887,300000,15.0,15.5,1.5,1.0,180.0,1.0,0.2,60.0,3.6,92.0,23.99,41.2,20.0,0.5,0.06,0.02,59.85
North-East,1888,300000,15.0,15.5,1.5,1.0,180.0,1.0,0.2,60.0,3.6,92.0,23.87,40.94,20.0,0.5,0.06,0.02,59.85
North-East,1889,300000,15.0,15.5,1.5,1.0,180.0,1.0,0.2,60.0,3.6,92.0,23.74,40.69,20.0,0.5,0.06,0.02,59.85
North-East,1890,300000,15.0,15.5,1.5,1.0,180.0,1.0,0.2,60.0,3.6,92.0,23.61,40.43,20.0,0.5,0.06,0.02,59.85
North-East,1891,300000,15.0,15.5,1.5,1.0,180.0,1.0,0.2,60.0,3.6,92.0,23.49,40.18,20.0,0.5,0.06,0.02,59.85
North-East,1892,300000,15.0,15.5,1.5,1.0,180.0,1.0,0.2,60.0,3.6,92.0,23.36,39.92,20.0,0.5,0.06,0.02,59.85
North-East,1893,300000,15.0,15.5,1.5,1.0,180.0,1.0,0.2,60.0,3.6,92.0,23.23,39.67,20.0,0.5,0.06,0.02,59.85
North-East,1894,300000,15.0,15.5,1.5,1.0,180.0,1.0,0.2,60.0,3.6,92.0,23.1,39.41,20.0,0.5,0.06,0.02,59.85
North-East,1895,300000,15.0,15.5,1.5,1.0,180.0,1.0,0.2,60.0,3.6,92.0,22.98,39.16,20.0,0.5,0.06,0.02,59.85
North-East,1896,300000,15.0,15.5,1.5,1.0,180.0,1.0,0.2,60.0,3.6,92.0,22.85,38.9,20.0,0.5,0.06,0.02,59.85
North-East,1897,300000,15.0,15.5,1.5,1.0,180.0,1.0,0.2,60.0,3.6,92.0,22.72,38.65,20.0,0.5,0.06,0.02,59.85
North-East,1898,300000,15.0,15.5,1.5,1.0,180.0,1.0,0.2,60.0,3.6,92.0,22.6,38.39,20.0,0.5,0.06,0.02,59.85
North-East,1899,300000,15.0,15.5,1.5,1.0,180.0,1.0,0.2,60.0,3.6,92.0,22.47,38.14,20.0,0.5,0.06,0.02,59.85
North-East,1900,300000,15.0,15.5,1.5,1.0,180.0,1.0,0.2,60.0,3.6,92.0,22.34,37.88,20.0,0.5,0.06,0.02,59.85
North-East,1901,300000,15.0,15.5,1.5,1.0,180.0,1.0,0.2,60.0,3.6,92.0,22.21,37.63,20.0,0.5,0.06,0.02,59.85
North-East,1902,300000,15.0,15.5,1.5,1.0,180.0,1.0,0.2,60.0,3.6,92.0,22.09,37.37,20.0,0.5,0.06,0.02,59.85
North-East,1903,300000,15.0,15.5,1.5,1.0,180.0,1.0,0.2,60.0,3.6,92.0,21.96,37.12,20.0,0.5,0.06,0.02,59.85
North-East,1904,300000,15.0,15.5,1.5,1.0,180.0,1.0,0.2,60.0,3.6,92.0,21.83,36.86,20.0,0.5,0.06,0.02,59.85
North-East,1905,300000,15.0,15.5,1.5,1.0,180.0,1.0,0.2,60.0,3.6,92.0,21.71,36.61,20.0,0.5,0.06,0.02,59.85
North-East,1906,300000,15.0,15.5,1.5,1.0,180.0,1.0,0.2,60.0,3.6,92.0,21.58,36.35,20.0,0.5,0.06,0.02,59.85
North-East,1907,300000,15.0,15.5,1.5,1.0,180.0,1.0,0.2,60.0,3.6,92.0,21.45,36.1,20.0,0.5,0.06,0.02,59.85
North-East,1908,300000,15.0,15.5,1.5,1.0,180.0,1.0,0.2,60.0,3.6,92.0,21.32,35.84,20.0,0.5,0.06,0.02,59.85
North-East,1909,300000,15.0,15.5,1.5,1.0,180.0,1.0,0.2,60.0,3.6,92.0,21.2,35.59,20.0,0.5,0.06,0.02,59.85
North-East,1910,300000,15.0,15.5,1.5,1.0,180.0,1.0,0.2,60.0,3.6,92.0,21.07,35.33,20.0,0.5,0.06,0.02,59.85
North-East,1911,300000,15.0,15.5,1.5,1.0,180.0,1.0,0.2,60.0,3.6,92.0,20.94,35.08,20.0,0.5,0.06,0.02,59.85
North-East,1912,300000,15.0,15.5,1.5,1.0,180.0,1.0,0.2,60.0,3.6,92.0,20.82,34.82,20.0,0.5,0.06,0.02,59.85
North-East,1913,300000,15.0,15.5,1.5,1.0,180.0,1.0,0.2,60.0,3.6,92.0,20.69,34.57,20.0,0.5,0.06,0.02,59.85
North-East,1914,300000,15.0,15.5,1.5,1.0,180.0,1.0,0.2,60.0,3.6,92.0,20.56,34.31,20.0,0.5,0.06,0.02,59.85
North-East,1915,300000,15.0,15.5,1.5,1.0,180.0,1.0,0.2,60.0,3.6,92.0,20.43,34.06,20.0,0.5,0.06,0.02,59.85
North-East,1916,300000,15.0,15.5,1.5,1.0,180.0,1.0,0.2,60.0,3.6,92.0,20.31,33.8,20.0,0.5,0.06,0.02,59.85
North-East,1917,300000,15.0,15.5,1.5,1.0,180.0,1.0,0.2,60.0,3.6,92.0,20.18,33.55,20.0,0.5,0.06,0.02,59.85
North-East,1918,300000,15.0,15.5,1.5,1.0,180.0,1.0,0.2,60.0,3.6,92.0,20.05,33.29,20.0,0.5,0.06,0.02,59.85
North-East,1919,300000,15.0,15.5,1.5,1.0,180.0,1.0,0.2,60.0,3.6,92.0,19.93,33.04,20.0,0.5,0.06,0.02,59.85
North-East,1920,300000,15.0,15.5,1.5,1.0,180.0,1.0,0.2,60.0,3.6,92.0,19.8,32.78,20.0,0.5,0.06,0.02,59.85
North-East,1921,300000,15.0,15.5,1.5,1.0,180.0,1.0,0.2,60.0,3.6,92.0,19.67,32.53,20.0,0.5,0.06,0.02,59.85
North-East,1922,300000,15.0,15.5,1.5,1.0,180.0,1.0,0.2,60.0,3.6,92.0,19.54,32.27,20.0,0.5,0.06,0.02,59.85
North-East,1923,300000,15.0,15.5,1.5,1.0,180.0,1.0,0.2,60.0,3.6,92.0,19.42,32.02,20.0,0.5,0.06,0.02,59.85
North-East,1924,300000,15.0,15.5,1.5,1.0,180.0,1.0,0.2,60.0,3.6,92.0,19.29,31.76,20.0,0.5,0.06,0.02,59.85
North-East,1925,300000,15.0,15.5,1.5,1.0,180.0,1.0,0.2,60.0,3.6,92.0,19.16,31.51,20.0,0.5,0.06,0.02,59.85
North-East,1926,300000,15.0,15.5,1.5,1.0,180.0,1.0,0.2,60.0,3.6,92.0,19.04,31.25,20.0,0.5,0.06,0.02,59.85
North-East,1927,300000,15.0,15.5,1.5,1.0,180.0,1.0,0.2,60.0,3.6,92.0,18.91,31.0,20.0,0.5,0.06,0.02,59.85
North-East,1928,300000,15.0,15.5,1.5,1.0,180.0,1.0,0.2,60.0,3.6,92.0,18.78,30.74,20.0,0.5,0.06,0.02,59.85
North-East,1929,300000,15.0,15.5,1.5,1.0,180.0,1.0,0.2,60.0,3.6,92.0,18.65,30.49,20.0,0.5,0.06,0.02,59.85
North-East,1930,300000,15.0,15.5,1.5,1.0,180.0,1.0,0.2,60.0,3.6,92.0,18.53,30.23,20.0,0.5,0.06,0.02,59.85
North-East,1931,300000,15.0,15.5,1.5,1.0,180.0,1.0,0.2,60.0,3.6,92.0,18.4,29.97,20.0,0.5,0.06,0.02,59.85
North-East,1932,300000,15.0,15.5,1.5,1.0,180.0,1.0,0.2,60.0,3.6,92.0,18.27,29.72,20.0,0.5,0.06,0.02,59.85
North-East,1933,300000,15.0,15.5,1.5,1.0,180.0,1.0,0.2,60.0,3.6,92.0,18.15,29.46,20.0,0.5,0.06,0.02,59.85
North-East,1934,300000,15.0,15.5,1.5,1.0,180.0,1.0,0.2,60.0,3.6,92.0,18.02,29.21,20.0,0.5,0.06,0.02,59.85
North-East,1935,300000,15.0,15.5,1.5,1.0,180.0,1.0,0.2,60.0,3.6,92.0,17.89,28.95,20.0,0.5,0.06,0.02,59.85
North-East,1936,300000,15.0,15.5,1.5,1.0,180.0,1.0,0.2,60.0,3.6,92.0,17.77,28.7,20.0,0.5,0.06,0.02,59.85
North-East,1937,300000,15.0,15.5,1.5,1.0,180.0,1.0,0.2,60.0,3.6,92.0,17.64,28.44,20.0,0.5,0.06,0.02,59.85
North-East,1938,300000,15.0,15.5,1.5,1.0,180.0,1.0,0.2,60.0,3.6,92.0,17.51,28.19,20.0,0.5,0.06,0.02,59.85
North-East,1939,300000,15.0,15.5,1.5,1.0,180.0,1.0,0.2,60.0,3.6,92.0,17.38,27.93,20.0,0.5,0.06,0.02,59.74
North-East,1940,300000,15.0,15.5,1.5,1.0,180.0,1.0,0.2,60.0,3.6,92.0,17.26,27.68,20.0,0.5,0.06,0.02,59.56
North-East,1941,300000,15.0,15.5,1.5,1.0,180.0,1.0,0.2,60.0,3.6,92.0,17.13,27.42,20.0,0.5,0.06,0.02,59.39
North-East,1942,300000,15.0,15.5,1.5,1.0,180.0,1.0,0.2,60.0,3.6,92.0,17.0,27.17,20.0,0.5,0.06,0.02,59.21
North-East,1943,300000,15.0,15.5,1.5,1.0,180.0,1.0,0.2,60.0,3.6,92.0,16.88,26.91,20.0,0.5,0.06,0.02,59.03
North-East,1944,300000,15.0,15.5,1.5,1.0,180.0,1.0,0.2,60.0,3.6,92.0,16.75,26.66,20.0,0.5,0.06,0.02,58.86
North-East,1945,300000,15.0,15.5,1.5,1.0,180.0,1.0,0.2,60.0,3.6,92.0,16.62,26.4,20.0,0.5,0.06,0.02,58.68
North-East,1946,300000,15.0,15.5,1.5,1.0,180.0,1.0,0.2,60.0,3.6,92.0,16.49,26.15,20.0,0.5,0.06,0.02,58.51
North-East,1947,300000,15.0,15.5,1.5,1.0,180.0,1.0,0.2,60.0,3.6,92.0,16.37,25.89,20.0,0.5,0.06,0.02,58.33
North-East,1948,300000,15.0,15.5,1.5,1.0,180.0,1.0,0.2,60.0,3.6,92.0,16.24,25.64,20.0,0.5,0.06,0.02,58.15
North-East,1949,300000,16.0,16.5,1.5,1.0,180.0,1.0,0.2,60.0,3.6,92.0,16.11,25.38,20.36,0.5,0.06,0.02,57.98
North-East,1950,300000,17.0,17.5,1.5,1.0,180.0,1.0,0.2,60.0,3.6,92.0,15.99,25.13,21.33,0.5,0.06,0.02,57.8
North-East,1951,300000,18.0,18.5,1.5,1.0,180.0,1.0,0.2,60.0,3.6,92.0,15.86,24.87,22.31,0.5,0.06,0.02,57.63
North-East,1952,300000,19.0,19.6,1.5,1.0,180.0,1.0,0.2,60.0,3.6,92.0,15.73,24.62,23.29,0.5,0.06,0.02,57.45
North-East,1953,300000,20.0,20.6,1.5,1.0,180.0,1.0,0.2,60.0,3.6,92.0,15.6,24.36,24.27,0.5,0.06,0.02,57.27
North-East,1954,300000,21.0,21.6,1.5,1.0,180.0,1.0,0.2,60.0,3.6,92.0,15.48,24.11,25.25,0.5,0.06,0.02,57.1
North-East,1955,300000,22.0,22.7,1.5,1.0,180.0,1.0,0.2,60.0,3.6,92.0,15.35,23.85,26.23,0.5,0.06,0.02,56.92
North-East,1956,300000,23.0,23.7,1.5,1.0,180.0,1.0,0.2,60.0,3.6,92.0,15.22,23.6,27.21,0.5,0.06,0.02,56.75
North-East,1957,300000,24.0,24.7,1.5,1.0,180.0,1.0,0.2,60.0,3.6,92.0,15.1,23.34,28.19,0.5,0.06,0.02,56.57
North-East,1958,300000,25.0,25.8,1.5,1.0,180.0,1.0,0.2,60.0,3.6,92.0,14.97,23.09,29.17,0.5,0.06,0.02,56.4
North-East,1959,300000,26.0,26.8,1.5,1.0,180.0,1.0,0.2,60.0,3.6,92.0,14.84,22.83,30.15,0.5,0.06,0.02,56.22
North-East,1960,350000,27.0,27.8,2.0,1.0,250.0,1.0,0.2,80.0,6.4,90.0,13.65,20.55,31.21,0.6,0.08,0.144,54.88
North-East,1961,350000,28.0,28.8,2.0,1.0,250.0,1.0,0.2,80.0,6.4,90.0,13.54,20.33,32.19,0.6,0.08,0.144,54.73
North-East,1962,350000,29.0,29.9,2.0,1.0,250.0,1.0,0.2,80.0,6.4,90.0,13.43,20.12,33.17,0.6,0.08,0.144,54.58
North-East,1963,350000,30.0,30.9,2.0,1.0,250.0,1.0,0.2,80.0,6.4,90.0,13.32,19.9,34.15,0.6,0.08,0.144,54.43
North-East,1964,350000,31.0,31.9,2.0,1.0,250.0,1.0,0.2,80.0,6.4,90.0,13.22,19.68,35.12,0.6,0.08,0.144,54.28
North-East,1965,350000,32.0,33.0,2.0,1.0,250.0,1.0,0.2,80.0,6.4,90.0,13.11,19.46,36.1,0.6,0.08,0.144,54.13
North-East,1966,350000,33.0,34.0,2.0,1.0,250.0,1.0,0.2,80.0,6.4,90.0,13.0,19.24,37.08,0.6,0.08,0.144,53.98
North-East,1967,350000,34.0,35.0,2.0,1.0,250.0,1.0,0.2,80.0,6.4,90.0,12.9,19.02,38.06,0.6,0.08,0.144,53.83
North-East,1968,350000,35.0,36.0,2.0,1.0,250.0,1.0,0.2,80.0,6.4,90.0,12.79,18.8,39.04,0.6,0.08,0.144,53.67
North-East,1969,350000,36.0,37.1,2.0,1.0,250.0,1.0,0.2,80.0,6.4,90.0,12.68,18.59,40.01,0.6,0.08,0.144,53.52
North-East,1970,350000,37.0,38.1,2.0,1.0,250.0,1.0,0.2,80.0,6.4,90.0,12.57,18.37,40.99,0.6,0.08,0.144,53.37
North-East,1971,350000,38.0,39.1,2.0,1.0,250.0,1.0,0.2,80.0,6.4,90.0,12.47,18.15,41.97,0.6,0.08,0.144,53.22
North-East,1972,350000,39.0,40.2,2.0,1.0,250.0,1.0,0.2,80.0,6.4,90.0,12.36,17.93,42.95,0.6,0.08,0.144,53.07
North-East,1973,350000,40.0,41.2,2.0,1.0,250.0,1.0,0.2,80.0,6.4,90.0,12.25,17.71,43.93,0.6,0.08,0.144,52.92
North-East,1974,350000,41.0,42.2,2.0,1.0,250.0,1.0,0.2,80.0,6.4,90.0,12.14,17.49,44.9,0.6,0.08,0.144,52.77
North-East,1975,350000,42.0,43.3,2.0,1.0,250.0,1.0,0.2,80.0,6.4,90.0,12.04,17.27,45.88,0.6,0.08,0.144,52.62
North-East,1976,350000,43.0,44.3,2.0,1.0,250.0,1.0,0.2,80.0,6.4,90.0,11.93,17.05,46.86,0.6,0.08,0.144,52.47
North-East,1977,350000,44.0,45.3,2.0,1.0,250.0,1.0,0.2,80.0,6.4,90.0,11.82,16.84,47.84,0.6,0.08,0.144,52.32
North-East,1978,350000,45.0,46.3,2.0,1.0,250.0,1.0,0.2,80.0,6.4,90.0,11.71,16.62,48.82,0.6,0.08,0.144,52.17
North-East,1979,350000,46.0,47.4,2.0,1.0,250.0,1.0,0.2,80.0,6.4,90.0,11.61,16.4,49.79,0.6,0.08,0.144,52.02
North-East,1980,350000,47.0,48.4,2.0,1.0,250.0,1.0,0.2,80.0,6.4,90.0,11.5,16.18,50.77,0.6,0.08,0.144,51.87
North-East,1981,350000,48.0,49.4,2.0,1.2,250.0,1.0,0.2,80.0,6.4,90.0,11.39,15.96,51.75,0.6,0.08,0.144,51.72
North-East,1982,350000,49.0,50.5,2.0,1.7,250.0,1.0,0.2,80.0,6.4,90.0,11.28,15.74,52.73,0.6,0.08,0.144,51.57
North-East,1983,350000,50.0,51.5,2.0,2.0,250.0,1.0,0.2,80.0,6.4,90.0,11.18,15.52,53.71,0.6,0.08,0.144,51.42
North-East,1984,350000,51.0,52.5,2.0,2.0,250.0,1.0,0.2,80.0,6.4,90.0,11.07,15.31,54.68,0.6,0.08,0.144,51.27
North-East,1985,350000,52.0,53.6,2.0,2.0,250.0,1.0,0.2,80.0,6.4,90.0,10.96,15.09,55.66,0.6,0.08,0.144,51.12
North-East,1986,350000,53.0,54.6,2.0,2.0,250.0,1.0,0.2,80.0,6.4,90.0,10.85,14.87,56.64,0.6,0.08,0.144,50.97
North-East,1987,350000,54.0,55.6,2.0,2.0,250.0,1.0,0.2,80.0,26.6,66.76,10.75,14.65,57.62,0.6,0.08,0.144,55.86
North-East,1988,350000,55.0,56.6,2.0,2.0,250.0,1.0,0.2,80.0,26.6,66.76,10.64,14.43,58.6,0.6,0.08,0.144,55.71
North-East,1989,380000,56.0,57.7,2.0,2.0,250.0,1.0,0.2,120.0,39.9,66.76,10.53,14.21,59.57,0.6,0.08,0.144,55.56
North-East,1990,480000,57.0,58.7,2.0,2.0,250.0,1.0,0.2,170.0,56.5,66.76,10.42,13.99,60.55,0.6,0.08,0.144,55.41
North-East,1991,580000,58.0,59.7,2.0,2.0,250.0,1.0,0.2,220.0,73.9,66.41,10.39,13.89,61.53,0.6,0.08,0.144,55.41
North-East,1992,680000,59.0,60.8,2.0,2.0,380.0,1.0,0.2,270.0,90.2,66.6,10.24,13.61,62.51,0.6,0.08,0.144,55.18
North-East,1993,780000,60.0,61.8,2.0,2.0,520.0,1.0,0.2,320.0,110.2,65.56,10.34,13.72,63.49,0.6,0.08,0.144,55.47
North-East,1994,880000,61.0,62.8,5.0,4.9,660.0,1.0,0.2,370.0,131.0,64.6,10.42,13.8,64.46,0.6,0.08,0.144,55.73
North-East,1995,980000,62.0,63.9,8.0,7.8,800.0,1.0,0.2,420.0,145.1,65.45,10.14,13.31,65.44,0.6,0.08,0.144,55.21
North-East,1996,1080000,63.0,64.9,11.0,8.6,940.0,1.0,0.2,470.0,157.7,66.45,9.84,12.78,66.42,0.6,0.1,0.144,54.64
North-East,1997,1180000,64.0,65.9,14.0,9.1,1080.0,1.0,0.2,520.0,172.7,66.8,9.66,12.45,67.4,0.859,0.201,0.206,53.93
North-East,1998,1280000,65.0,66.9,17.0,9.6,1220.0,1.0,0.2,570.0,192.8,66.18,9.67,12.41,68.37,1.16,0.296,0.278,53.56
North-East,1999,1380000,66.0,68.0,20.0,10.1,1360.0,1.0,0.2,620.0,210.2,66.1,9.58,12.22,69.35,1.428,0.383,0.343,53.02
North-East,2000,1480000,67.0,69.0,23.0,10.6,1500.0,1.0,0.2,670.0,217.8,67.49,9.21,11.6,70.33,1.748,0.483,0.419,51.8
North-East,2001,1580000,68.0,70.0,26.0,11.1,1640.0,1.0,0.2,720.0,230.8,67.95,9.03,11.26,71.31,2.069,0.582,0.497,50.97
North-East,2002,1680000,69.0,71.1,29.0,11.6,1780.0,1.0,0.2,770.0,243.2,68.41,8.84,10.92,72.29,2.348,0.672,0.564,50.2
North-East,2003,1780000,70.0,74.0,32.0,12.1,1920.0,1.0,0.2,820.0,258.1,68.53,8.71,10.68,73.26,2.751,0.792,0.66,48.75
North-East,2004,1880000,71.0,81.0,35.0,12.6,2060.0,1.0,0.2,870.0,270.5,68.91,8.54,10.36,74.24,3.16,0.914,0.758,46.07
North-East,2005,1980000,72.0,88.0,38.0,13.1,2200.0,1.0,0.2,920.0,277.1,69.88,8.27,9.91,75.22,3.492,1.018,0.797,43.58
North-East,2006,2080000,73.0,95.0,41.0,13.6,2340.0,1.0,0.2,970.0,291.8,69.91,8.17,9.7,76.2,3.748,1.101,0.797,41.78
North-East,2007,2180000,74.0,102.0,44.0,14.0,2480.0,1.0,0.2,1020.0,312.0,69.41,8.15,9.62,77.18,4.198,1.234,0.828,40.04
North-East,2008,2280000,75.0,109.0,47.0,14.5,2620.0,1.0,0.2,1070.0,325.6,69.57,8.02,9.38,78.15,4.645,1.367,0.856,38.21
North-East,2009,2380000,76.0,116.0,50.0,15.0,2760.0,1.0,0.2,1120.0,337.8,69.84,7.88,9.11,79.13,4.73,1.406,0.834,37.01
North-East,2010,2480000,77.0,123.0,53.0,15.5,2900.0,1.0,0.2,1170.0,337.1,71.19,7.56,8.59,80.11,5.094,1.517,0.851,35.07
North-East,2011,2580000,78.0,130.0,56.0,16.0,3040.0,1.3,0.2,1220.0,344.0,71.8,7.36,8.26,81.09,5.285,1.583,0.846,33.76
North-East,2012,2680000,79.0,137.0,59.0,16.5,3180.0,2.6,0.2,1270.0,361.0,71.57,7.3,8.12,82.07,5.633,1.69,0.861,32.58
North-East,2013,2780000,80.0,144.0,62.0,17.0,3320.0,3.3,0.2,1320.0,350.4,73.46,6.91,7.52,83.04,5.947,1.788,0.872,30.75
North-East,2014,2880000,81.0,151.0,65.0,17.5,3460.0,3.7,0.2,1370.0,341.5,75.08,6.57,6.99,84.02,6.291,1.894,0.886,29.03
North-East,2015,2980000,82.0,158.0,68.0,18.0,3600.0,8.0,0.2,1420.0,426.0,70.0,7.2,7.8,85.0,6.2,2.0,0.9,38.0
North-East,2016,3080000,83.0,165.0,71.0,18.0,3740.0,9.0,0.3,1470.0,441.0,70.0,7.1,7.6,86.0,6.5,2.1,0.9,36.0
North-East,2017,3180000,84.0,172.0,74.0,19.0,3880.0,10.0,0.3,1520.0,456.0,70.0,7.0,7.4,87.0,6.8,2.2,0.9,34.0
North-East,2018,3280000,85.0,179.0,77.0,19.0,4020.0,11.0,0.3,1570.0,471.0,70.0,6.9,7.2,88.0,7.1,2.3,0.9,32.0
North-East,2019,3380000,86.0,186.0,80.0,20.0,4160.0,12.0,0.3,1620.0,486.0,70.0,6.8,7.0,89.0,7.4,2.4,0.9,30.0
North-East,2020,3480000,87.0,193.0,83.0,20.0,4300.0,13.0,0.3,1670.0,501.0,70.0,6.7,6.8,90.0,7.7,2.5,0.9,28.0
North-East,2021,3580000,88.0,200.0,86.0,21.0,4440.0,14.0,0.3,1720.0,516.0,70.0,6.6,6.6,91.0,8.0,2.6,0.9,26.0
North-East,2022,3680000,89.0,207.0,89.0,21.0,4580.0,15.0,0.4,1770.0,531.0,70.0,6.5,6.4,92.0,8.3,2.7,1.0,24.0
North-East,2023,3780000,90.0,214.0,92.0,22.0,4720.0,17.0,0.4,1820.0,546.0,70.0,6.4,6.2,93.0,8.6,2.8,1.0,22.0
North-East,2024,3880000,91.0,221.0,95.0,22.0,4860.0,19.0,0.4,1870.0,561.0,70.0,6.3,6.0,94.0,8.9,2.9,1.0,20.0
North-East,2025,3980000,92.0,228.0,98.0,23.0,5000.0,21.0,0.5,1920.0,576.0,70.0,6.2,5.8,95.0,9.2,3.0,1.0,18.0
North-East,2026,4080000,93.0,235.0,101.0,23.0,5140.0,23.0,0.5,1970.0,591.0,70.0,6.1,5.6,96.0,9.5,3.1,1.0,16.0
North-East,2027,4180000,94.0,242.0,104.0,24.0,5280.0,25.0,0.5,2020.0,606.0,70.0,6.0,5.4,97.0,9.8,3.2,1.0,14.0
North-East,2028,4280000,95.0,249.0,107.0,24.0,5420.0,27.0,0.5,2070.0,621.0,70.0,5.9,5.2,98.0,10.1,3.3,1.0,12.0
North-East,2029,4380000,96.0,256.0,110.0,25.0,5560.0,29.0,0.6,2120.0,636.0,70.0,5.8,5.0,99.0,10.4,3.4,1.0,10.0
North-East,2030,4480000,97.0,263.0,113.0,25.0,5700.0,32.0,0.6,2170.0,651.0,70.0,5.7,4.8,99.0,10.7,3.5,1.1,8.0
North-West,1800,300000,15.0,15.5,1.5,1.0,180.0,1.0,0.2,60.0,3.6,92.0,1.0,3.5,20.0,0.5,0.06,0.02,42.13
North-West,1801,300000,15.0,15.5,1.5,1.0,180.0,1.0,0.2,60.0,3.6,92.0,1.0,3.5,20.0,0.5,0.06,0.02,42.13
North-West,1802,300000,15.0,15.5,1.5,1.0,180.0,1.0,0.2,60.0,3.6,92.0,1.0,3.5,20.0,0.5,0.06,0.02,42.13
North-West,1803,300000,15.0,15.5,1.5,1.0,180.0,1.0,0.2,60.0,3.6,92.0,1.0,3.5,20.0,0.5,0.06,0.02,42.13
North-West,1804,300000,15.0,15.5,1.5,1.0,180.0,1.0,0.2,60.0,3.6,92.0,1.0,3.5,20.0,0.5,0.06,0.02,42.13
North-West,1805,300000,15.0,15.5,1.5,1.0,180.0,1.0,0.2,60.0,3.6,92.0,1.0,3.5,20.0,0.5,0.06,0.02,42.13
North-West,1806,300000,15.0,15.5,1.5,1.0,180.0,1.0,0.2,60.0,3.6,92.0,1.0,3.5,20.0,0.5,0.06,0.02,42.13
North-West,1807,300000,15.0,15.5,1.5,1.0,180.0,1.0,0.2,60.0,3.6,92.0,1.0,3.5,20.0,0.5,0.06,0.02,42.13
North-West,1808,300000,15.0,15.5,1.5,1.0,180.0,1.0,0.2,60.0,3.6,92.0,1.0,3.5,20.0,0.5,0.06,0.02,42.13
North-West,1809,300000,15.0,15.5,1.5,1.0,180.0,1.0,0.2,60.0,3.6,92.0,1.0,3.5,20.0,0.5,0.06,0.02,42.13
North-West,1810,300000,15.0,15.5,1.5,1.0,180.0,1.0,0.2,60.0,3.6,92.0,1.0,3.5,20.0,0.5,0.06,0.02,42.13
North-West,1811,300000,15.0,15.5,1.5,1.0,180.0,1.0,0.2,60.0,3.6,92.0,1.0,3.5,20.0,0.5,0.06,0.02,42.13
North-West,1812,300000,15.0,15.5,1.5,1.0,180.0,1.0,0.2,60.0,3.6,92.0,1.0,3.5,20.0,0.5,0.06,0.02,42.13
North-West,1813,300000,15.0,15.5,1.5,1.0,180.0,1.0,0.2,60.0,3.6,92.0,1.0,3.5,20.0,0.5,0.06,0.02,42.13
North-West,1814,300000,15.0,15.5,1.5,1.0,180.0,1.0,0.2,60.0,3.6,92.0,1.0,3.5,20.0,0.5,0.06,0.02,42.13
North-West,1815,300000,15.0,15.5,1.5,1.0,180.0,1.0,0.2,60.0,3.6,92.0,1.0,3.5,20.0,0.5,0.06,0.02,42.13
North-West,1816,300000,15.0,15.5,1.5,1.0,180.0,1.0,0.2,60.0,3.6,92.0,1.0,3.5,20.0,0.5,0.06,0.02,42.13
North-West,1817,300000,15.0,15.5,1.5,1.0,180.0,1.0,0.2,60.0,3.6,92.0,1.0,3.5,20.0,0.5,0.06,0.02,42.13
North-West,1818,300000,15.0,15.5,1.5,1.0,180.0,1.0,0.2,60.0,3.6,92.0,1.0,3.5,20.0,0.5,0.06,0.02,42.13
North-West,1819,300000,15.0,15.5,1.5,1.0,180.0,1.0,0.2,60.0,3.6,92.0,1.0,3.5,20.0,0.5,0.06,0.02,42.13
North-West,1820,300000,15.0,15.5,1.5,1.0,180.0,1.0,0.2,60.0,3.6,92.0,1.0,3.5,20.0,0.5,0.06,0.02,42.13
North-West,1821,300000,15.0,15.5,1.5,1.0,180.0,1.0,0.2,60.0,3.6,92.0,1.0,3.5,20.0,0.5,0.06,0.02,42.13
North-West,1822,300000,15.0,15.5,1.5,1.0,180.0,1.0,0.2,60.0,3.6,92.0,1.0,3.5,20.0,0.5,0.06,0.02,42.13
North-West,1823,300000,15.0,15.5,1.5,1.0,180.0,1.0,0.2,60.0,3.6,92.0,1.0,3.5,20.0,0.5,0.06,0.02,42.13
North-West,1824,300000,15.0,15.5,1.5,1.0,180.0,1.0,0.2,60.0,3.6,92.0,1.0,3.5,20.0,0.5,0.06,0.02,42.13
North-West,1825,300000,15.0,15.5,1.5,1.0,180.0,1.0,0.2,60.0,3.6,92.0,1.0,3.5,20.0,0.5,0.06,0.02,42.13
North-West,1826,300000,15.0,15.5,1.5,1.0,180.0,1.0,0.2,60.0,3.6,92.0,1.0,3.5,20.0,0.5,0.06,0.02,42.13
North-West,1827,300000,15.0,15.5,1.5,1.0,180.0,1.0,0.2,60.0,3.6,92.0,1.0,3.5,20.0,0.5,0.06,0.02,42.13
North-West,1828,300000,15.0,15.5,1.5,1.0,180.0,1.0,0.2,60.0,3.6,92.0,1.0,3.5,20.0,0.5,0.06,0.02,42.13
North-West,1829,300000,15.0,15.5,1.5,1.0,180.0,1.0,0.2,60.0,3.6,92.0,1.0,3.5,20.0,0.5,0.06,0.02,42.13
North-West,1830,300000,15.0,15.5,1.5,1.0,180.0,1.0,0.2,60.0,3.6,92.0,1.0,3.5,20.0,0.5,0.06,0.02,42.13
North-West,1831,300000,15.0,15.5,1.5,1.0,180.0,1.0,0.2,60.0,3.6,92.0,1.0,3.5,20.0,0.5,0.06,0.02,42.13
North-West,1832,300000,15.0,15.5,1.5,1.0,180.0,1.0,0.2,60.0,3.6,92.0,1.0,3.5,20.0,0.5,0.06,0.02,42.13
North-West,1833,300000,15.0,15.5,1.5,1.0,180.0,1.0,0.2,60.0,3.6,92.0,1.0,3.5,20.0,0.5,0.06,0.02,42.13
North-West,1834,300000,15.0,15.5,1.5,1.0,180.0,1.0,0.2,60.0,3.6,92.0,1.0,3.5,20.0,0.5,0.06,0.02,42.13
North-West,1835,300000,15.0,15.5,1.5,1.0,180.0,1.0,0.2,60.0,3.6,92.0,1.0,3.5,20.0,0.5,0.06,0.02,42.13
North-West,1836,300000,15.0,15.5,1.5,1.0,180.0,1.0,0.2,60.0,3.6,92.0,1.0,3.5,20.0,0.5,0.06,0.02,42.13
North-West,1837,300000,15.0,15.5,1.5,1.0,180.0,1.0,0.2,60.0,3.6,92.0,1.0,3.5,20.0,0.5,0.06,0.02,42.13
North-West,1838,300000,15.0,15.5,1.5,1.0,180.0,1.0,0.2,60.0,3.6,92.0,1.0,3.5,20.0,0.5,0.06,0.02,42.13
North-West,1839,300000,15.0,15.5,1.5,1.0,180.0,1.0,0.2,60.0,3.6,92.0,1.0,3.5,20.0,0.5,0.06,0.02,42.13
North-West,1840,300000,15.0,15.5,1.5,1.0,180.0,1.0,0.2,60.0,3.6,92.0,1.0,3.5,20.0,0.5,0.06,0.02,42.13
North-West,1841,300000,15.0,15.5,1.5,1.0,180.0,1.0,0.2,60.0,3.6,92.0,1.0,3.5,20.0,0.5,0.06,0.02,42.13
North-West,1842,300000,15.0,15.5,1.5,1.0,180.0,1.0,0.2,60.0,3.6,92.0,1.0,3.5,20.0,0.5,0.06,0.02,42.13
North-West,1843,300000,15.0,15.5,1.5,1.0,180.0,1.0,0.2,60.0,3.6,92.0,1.0,3.5,20.0,0.5,0.06,0.02,42.13
North-West,1844,300000,15.0,15.5,1.5,1.0,180.0,1.0,0.2,60.0,3.6,92.0,1.0,3.5,20.0,0.5,0.06,0.02,42.13
North-West,1845,300000,15.0,15.5,1.5,1.0,180.0,1.0,0.2,60.0,3.6,92.0,1.0,3.5,20.0,0.5,0.06,0.02,42.13
North-West,1846,300000,15.0,15.5,1.5,1.0,180.0,1.0,0.2,60.0,3.6,92.0,1.0,3.5,20.0,0.5,0.06,0.02,42.13
North-West,1847,300000,15.0,15.5,1.5,1.0,180.0,1.0,0.2,60.0,3.6,92.0,1.0,3.5,20.0,0.5,0.06,0.02,42.13
North-West,1848,300000,15.0,15.5,1.5,1.0,180.0,1.0,0.2,60.0,3.6,92.0,1.0,3.5,20.0,0.5,0.06,0.02,42.13
North-West,1849,300000,15.0,15.5,1.5,1.0,180.0,1.0,0.2,60.0,3.6,92.0,1.0,3.5,20.0,0.5,0.06,0.02,42.13
North-West,1850,300000,15.0,15.5,1.5,1.0,180.0,1.0,0.2,60.0,3.6,92.0,1.0,3.5,20.0,0.5,0.06,0.02,42.13
North-West,1851,300000,15.0,15.5,1.5,1.0,180.0,1.0,0.2,60.0,3.6,92.0,1.0,3.5,20.0,0.5,0.06,0.02,42.13
North-West,1852,300000,15.0,15.5,1.5,1.0,180.0,1.0,0.2,60.0,3.6,92.0,1.0,3.5,20.0,0.5,0.06,0.02,42.13
North-West,1853,300000,15.0,15.5,1.5,1.0,180.0,1.0,0.2,60.0,3.6,92.0,1.09,3.5,20.0,0.5,0.06,0.02,42.15
North-West,1854,300000,15.0,15.5,1.5,1.0,180.0,1.0,0.2,60.0,3.6,92.0,1.18,3.5,20.0,0.5,0.06,0.02,42.16
North-West,1855,300000,15.0,15.5,1.5,1.0,180.0,1.0,0.2,60.0,3.6,92.0,1.27,3.5,20.0,0.5,0.06,0.02,42.18
North-West,1856,300000,15.0,15.5,1.5,1.0,180.0,1.0,0.2,60.0,3.6,92.0,1.36,3.5,20.0,0.5,0.06,0.02,42.19
North-West,1857,300000,15.0,15.5,1.5,1.0,180.0,1.0,0.2,60.0,3.6,92.0,1.45,3.5,20.0,0.5,0.06,0.02,42.21
North-West,1858,300000,15.0,15.5,1.5,1.0,180.0,1.0,0.2,60.0,3.6,92.0,1.54,3.5,20.0,0.5,0.06,0.02,42.23
North-West,1859,300000,15.0,15.5,1.5,1.0,180.0,1.0,0.2,60.0,3.6,92.0,1.63,3.5,20.0,0.5,0.06,0.02,42.24
North-West,1860,300000,15.0,15.5,1.5,1.0,180.0,1.0,0.2,60.0,3.6,92.0,1.72,3.5,20.0,0.5,0.06,0.02,42.26
North-West,1861,300000,15.0,15.5,1.5,1.0,180.0,1.0,0.2,60.0,3.6,92.0,1.81,3.5,20.0,0.5,0.06,0.02,42.27
North-West,1862,300000,15.0,15.5,1.5,1.0,180.0,1.0,0.2,60.0,3.6,92.0,1.9,3.5,20.0,0.5,0.06,0.02,42.29
North-West,1863,300000,15.0,15.5,1.5,1.0,180.0,1.0,0.2,60.0,3.6,92.0,1.99,3.5,20.0,0.5,0.06,0.02,42.31
North-West,1864,300000,15.0,15.5,1.5,1.0,180.0,1.0,0.2,60.0,3.6,92.0,2.07,3.5,20.0,0.5,0.06,0.02,42.32
North-West,1865,300000,15.0,15.5,1.5,1.0,180.0,1.0,0.2,60.0,3.6,92.0,2.16,3.5,20.0,0.5,0.06,0.02,42.34
North-West,1866,300000,15.0,15.5,1.5,1.0,180.0,1.0,0.2,60.0,3.6,92.0,2.25,3.5,20.0,0.5,0.06,0.02,42.35
North-West,1867,300000,15.0,15.5,1.5,1.0,180.0,1.0,0.2,60.0,3.6,92.0,2.34,3.5,20.0,0.5,0.06,0.02,42.37
North-West,1868,300000,15.0,15.5,1.5,1.0,180.0,1.0,0.2,60.0,3.6,92.0,2.43,3.5,20.0,0.5,0.06,0.02,42.39
North-West,1869,300000,15.0,15.5,1.5,1.0,180.0,1.0,0.2,60.0,3.6,92.0,2.52,3.5,20.0,0.5,0.06,0.02,42.4
North-West,1870,300000,15.0,15.5,1.5,1.0,180.0,1.0,0.2,60.0,3.6,92.0,2.61,3.5,20.0,0.5,0.06,0.02,42.42
North-West,1871,300000,15.0,15.5,1.5,1.0,180.0,1.0,0.2,60.0,3.6,92.0,2.7,3.5,20.0,0.5,0.06,0.02,42.43
North-West,1872,300000,15.0,15.5,1.5,1.0,180.0,1.0,0.2,60.0,3.6,92.0,2.79,3.5,20.0,0.5,0.06,0.02,42.45
North-West,1873,300000,15.0,15.5,1.5,1.0,180.0,1.0,0.2,60.0,3.6,92.0,2.88,3.5,20.0,0.5,0.06,0.02,42.47
North-West,1874,300000,15.0,15.5,1.5,1.0,180.0,1.0,0.2,60.0,3.6,92.0,2.97,3.5,20.0,0.5,0.06,0.02,42.48
North-West,1875,300000,15.0,15.5,1.5,1.0,180.0,1.0,0.2,60.0,3.6,92.0,3.06,3.5,20.0,0.5,0.06,0.02,42.5
North-West,1876,300000,15.0,15.5,1.5,1.0,180.0,1.0,0.2,60.0,3.6,92.0,3.15,3.5,20.0,0.5,0.06,0.02,42.51
North-West,1877,300000,15.0,15.5,1.5,1.0,180.0,1.0,0.2,60.0,3.6,92.0,3.24,3.5,20.0,0.5,0.06,0.02,42.53
North-West,1878,300000,15.0,15.5,1.5,1.0,180.0,1.0,0.2,60.0,3.6,92.0,3.32,3.5,20.0,0.5,0.06,0.02,42.55
North-West,1879,300000,15.0,15.5,1.5,1.0,180.0,1.0,0.2,60.0,3.6,92.0,3.41,3.5,20.0,0.5,0.06,0.02,42.56
North-West,1880,300000,15.0,15.5,1.5,1.0,180.0,1.0,0.2,60.0,3.6,92.0,3.5,3.5,20.0,0.5,0.06,0.02,42.58
North-West,1881,300000,15.0,15.5,1.5,1.0,180.0,1.0,0.2,60.0,3.6,92.0,3.59,3.5,20.0,0.5,0.06,0.02,42.59
North-West,1882,300000,15.0,15.5,1.5,1.0,180.0,1.0,0.2,60.0,3.6,92.0,3.68,3.5,20.0,0.5,0.06,0.02,42.61
North-West,1883,300000,15.0,15.5,1.5,1.0,180.0,1.0,0.2,60.0,3.6,92.0,3.77,3.5,20.0,0.5,0.06,0.02,42.63
North-West,1884,300000,15.0,15.5,1.5,1.0,180.0,1.0,0.2,60.0,3.6,92.0,3.86,3.5,20.0,0.5,0.06,0.02,42.64
North-West,1885,300000,15.0,15.5,1.5,1.0,180.0,1.0,0.2,60.0,3.6,92.0,3.95,3.5,20.0,0.5,0.06,0.02,42.66
North-West,1886,300000,15.0,15.5,1.5,1.0,180.0,1.0,0.2,60.0,3.6,92.0,4.04,3.5,20.0,0.5,0.06,0.021,42.68
North-West,1887,300000,15.0,15.5,1.5,1.0,180.0,1.0,0.2,60.0,3.6,92.0,4.13,3.5,20.0,0.5,0.06,0.024,42.69
North-West,1888,300000,15.0,15.5,1.5,1.0,180.0,1.0,0.2,60.0,3.6,92.0,4.22,3.5,20.0,0.5,0.06,0.027,42.71
North-West,1889,300000,15.0,15.5,1.5,1.0,180.0,1.0,0.2,60.0,3.6,92.0,4.31,3.5,20.0,0.5,0.06,0.03,42.72
North-West,1890,300000,15.0,15.5,1.5,1.0,180.0,1.0,0.2,60.0,3.6,92.0,4.4,3.5,20.0,0.5,0.06,0.033,42.74
North-West,1891,300000,15.0,15.5,1.5,1.0,180.0,1.0,0.2,60.0,3.6,92.0,4.48,3.5,20.0,0.5,0.06,0.036,42.76
North-West,1892,300000,15.0,15.5,1.5,1.0,180.0,1.0,0.2,60.0,3.6,92.0,4.57,3.5,20.0,0.5,0.06,0.039,42.77
North-West,1893,300000,15.0,15.5,1.5,1.0,180.0,1.0,0.2,60.0,3.6,92.0,4.66,3.5,20.0,0.5,0.06,0.042,42.79
North-West,1894,300000,15.0,15.5,1.5,1.0,180.0,1.0,0.2,60.0,3.6,92.0,4.75,3.5,20.0,0.5,0.06,0.045,42.8
North-West,1895,300000,15.0,15.5,1.5,1.0,180.0,1.0,0.2,60.0,3.6,92.0,4.84,3.5,20.0,0.5,0.06,0.048,42.82
North-West,1896,300000,15.0,15.5,1.5,1.0,180.0,1.0,0.2,60.0,3.6,92.0,4.93,3.5,20.0,0.5,0.06,0.051,42.84
North-West,1897,300000,15.0,15.5,1.5,1.0,180.0,1.0,0.2,60.0,3.6,92.0,5.02,3.5,20.0,0.5,0.06,0.055,42.85
North-West,1898,300000,15.0,15.5,1.5,1.0,180.0,1.0,0.2,60.0,3.6,92.0,5.11,3.5,20.0,0.5,0.06,0.058,42.87
North-West,1899,300000,15.0,15.5,1.5,1.0,180.0,1.0,0.2,60.0,3.6,92.0,5.2,3.5,20.0,0.5,0.06,0.061,42.88
North-West,1900,300000,15.0,15.5,1.5,1.0,180.0,1.0,0.2,60.0,3.6,92.0,5.29,3.5,20.0,0.5,0.06,0.064,42.9
North-West,1901,300000,15.0,15.5,1.5,1.0,180.0,1.0,0.2,60.0,3.6,92.0,5.38,3.5,20.0,0.5,0.06,0.067,42.92
North-West,1902,300000,15.0,15.5,1.5,1.0,180.0,1.0,0.2,60.0,3.6,92.0,5.47,3.5,20.0,0.5,0.06,0.07,42.93
North-West,1903,300000,15.0,15.5,1.5,1.0,180.0,1.0,0.2,60.0,3.6,92.0,5.56,3.5,20.0,0.5,0.06,0.073,42.95
North-West,1904,300000,15.0,15.5,1.5,1.0,180.0,1.0,0.2,60.0,3.6,92.0,5.65,3.5,20.0,0.5,0.06,0.076,42.96
North-West,1905,300000,15.0,15.5,1.5,1.0,180.0,1.0,0.2,60.0,3.6,92.0,5.73,3.5,20.0,0.5,0.06,0.079,42.98
North-West,1906,300000,15.0,15.5,1.5,1.0,180.0,1.0,0.2,60.0,3.6,92.0,5.82,3.5,20.0,0.5,0.06,0.082,43.0
North-West,1907,300000,15.0,15.5,1.5,1.0,180.0,1.0,0.2,60.0,3.6,92.0,5.91,3.5,20.0,0.5,0.06,0.085,43.01
North-West,1908,300000,15.0,15.5,1.5,1.0,180.0,1.0,0.2,60.0,3.6,92.0,6.0,3.5,20.0,0.5,0.06,0.088,43.03
North-West,1909,300000,15.0,15.5,1.5,1.0,180.0,1.0,0.2,60.0,3.6,92.0,6.09,3.5,20.0,0.5,0.06,0.091,43.04
North-West,1910,300000,15.0,15.5,1.5,1.0,180.0,1.0,0.2,60.0,3.6,92.0,6.18,3.5,20.0,0.5,0.06,0.095,43.06
North-West,1911,300000,15.0,15.5,1.5,1.0,180.0,1.0,0.2,60.0,3.6,92.0,6.27,3.5,20.0,0.5,0.06,0.098,43.08
North-West,1912,300000,15.0,15.5,1.5,1.0,180.0,1.0,0.2,60.0,3.6,92.0,6.36,3.5,20.0,0.5,0.06,0.101,43.09
North-West,1913,300000,15.0,15.5,1.5,1.0,180.0,1.0,0.2,60.0,3.6,92.0,6.45,3.5,20.0,0.5,0.06,0.104,43.11
North-West,1914,300000,15.0,15.5,1.5,1.0,180.0,1.0,0.2,60.0,3.6,92.0,6.54,3.5,20.0,0.5,0.06,0.107,43.13
North-West,1915,300000,15.0,15.5,1.5,1.0,180.0,1.0,0.2,60.0,3.6,92.0,6.63,3.5,20.0,0.5,0.06,0.11,43.14
North-West,1916,300000,15.0,15.5,1.5,1.0,180.0,1.0,0.2,60.0,3.6,92.0,6.72,3.5,20.0,0.5,0.06,0.113,43.16
North-West,1917,300000,15.0,15.5,1.5,1.0,180.0,1.0,0.2,60.0,3.6,92.0,6.81,3.5,20.0,0.5,0.06,0.116,43.17
North-West,1918,300000,15.0,15.5,1.5,1.0,180.0,1.0,0.2,60.0,3.6,92.0,6.9,3.5,20.0,0.5,0.06,0.119,43.19
North-West,1919,300000,15.0,15.5,1.5,1.0,180.0,1.0,0.2,60.0,3.6,92.0,6.98,3.5,20.0,0.5,0.06,0.122,43.21
North-West,1920,300000,15.0,15.5,1.5,1.0,180.0,1.0,0.2,60.0,3.6,92.0,7.07,3.5,20.0,0.5,0.06,0.125,43.22
North-West,1921,300000,15.0,15.5,1.5,1.0,180.0,1.0,0.2,60.0,3.6,92.0,7.16,3.5,20.0,0.5,0.06,0.125,43.24
North-West,1922,300000,15.0,15.5,1.5,1.0,180.0,1.0,0.2,60.0,3.6,92.0,7.25,3.5,20.0,0.5,0.06,0.125,43.25
North-West,1923,300000,15.0,15.5,1.5,1.0,180.0,1.0,0.2,60.0,3.6,92.0,7.34,3.5,20.0,0.5,0.06,0.125,43.27
North-West,1924,300000,15.0,15.5,1.5,1.0,180.0,1.0,0.2,60.0,3.6,92.0,7.43,3.5,20.0,0.5,0.06,0.125,43.29
North-West,1925,300000,15.0,15.5,1.5,1.0,180.0,1.0,0.2,60.0,3.6,92.0,7.52,3.5,20.0,0.5,0.06,0.125,43.3
North-West,1926,300000,15.0,15.5,1.5,1.0,180.0,1.0,0.2,60.0,3.6,92.0,7.61,3.5,20.0,0.5,0.06,0.125,43.32
North-West,1927,300000,15.0,15.5,1.5,1.0,180.0,1.0,0.2,60.0,3.6,92.0,7.7,3.5,20.0,0.5,0.06,0.125,43.33
North-West,1928,300000,15.0,15.5,1.5,1.0,180.0,1.0,0.2,60.0,3.6,92.0,7.79,3.5,20.0,0.5,0.06,0.125,43.35
North-West,1929,300000,15.0,15.5,1.5,1.0,180.0,1.0,0.2,60.0,3.6,92.0,7.88,3.5,20.0,0.5,0.06,0.125,43.37
North-West,1930,300000,15.0,15.5,1.5,1.0,180.0,1.0,0.2,60.0,3.6,92.0,7.97,3.5,20.0,0.5,0.06,0.125,43.38
North-West,1931,300000,15.0,15.5,1.5,1.0,180.0,1.0,0.2,60.0,3.6,92.0,8.06,3.5,20.0,0.5,0.06,0.125,43.4
North-West,1932,300000,15.0,15.5,1.5,1.0,180.0,1.0,0.2,60.0,3.6,92.0,8.14,3.5,20.0,0.5,0.06,0.125,43.41
North-West,1933,300000,15.0,15.5,1.5,1.0,180.0,1.0,0.2,60.0,3.6,92.0,8.23,3.5,20.0,0.5,0.06,0.125,43.43
North-West,1934,300000,15.0,15.5,1.5,1.0,180.0,1.0,0.2,60.0,3.6,92.0,8.32,3.5,20.0,0.5,0.06,0.125,43.45
North-West,1935,300000,15.0,15.5,1.5,1.0,180.0,1.0,0.2,60.0,3.6,92.0,8.41,3.5,20.0,0.5,0.06,0.125,43.46
North-West,1936,300000,16.0,16.5,1.5,1.0,180.0,1.0,0.2,60.0,3.6,92.0,8.5,3.5,20.0,0.5,0.06,0.125,43.48
North-West,1937,300000,17.0,17.5,1.5,1.0,180.0,1.0,0.2,60.0,3.6,92.0,8.59,3.5,20.0,0.5,0.06,0.125,43.49
North-West,1938,300000,18.0,18.5,1.5,1.0,180.0,1.0,0.2,60.0,3.6,92.0,8.68,3.5,20.0,0.5,0.06,0.125,43.51
North-West,1939,300000,19.0,19.6,1.5,1.0,180.0,1.0,0.2,60.0,3.6,92.0,8.77,3.5,20.0,0.5,0.06,0.125,43.53
North-West,1940,300000,20.0,20.6,1.5,1.0,180.0,1.0,0.2,60.0,3.6,92.0,8.86,3.5,20.0,0.5,0.06,0.125,43.54
North-West,1941,300000,21.0,21.6,1.5,1.0,180.0,1.0,0.2,60.0,3.6,92.0,8.95,3.5,20.0,0.5,0.06,0.125,43.56
North-West,1942,300000,22.0,22.7,1.5,1.0,180.0,1.0,0.2,60.0,3.6,92.0,9.04,3.5,20.0,0.5,0.06,0.125,43.58
North-West,1943,300000,23.0,23.7,1.5,1.0,180.0,1.0,0.2,60.0,3.6,92.0,9.13,3.5,20.0,0.5,0.06,0.125,43.59
North-West,1944,300000,24.0,24.7,1.5,1.0,180.0,1.0,0.2,60.0,3.6,92.0,9.22,3.5,20.0,0.5,0.06,0.125,43.61
North-West,1945,300000,25.0,25.8,1.5,1.0,180.0,1.0,0.2,60.0,3.6,92.0,9.31,3.5,20.0,0.5,0.06,0.125,43.62
North-West,1946,300000,26.0,26.8,1.5,1.0,180.0,1.0,0.2,60.0,3.6,92.0,9.39,3.5,20.0,0.5,0.06,0.125,43.64
North-West,1947,300000,27.0,27.8,1.5,1.0,180.0,1.0,0.2,60.0,3.6,92.0,9.48,3.5,20.0,0.5,0.06,0.125,43.66
North-West,1948,300000,28.0,28.8,1.5,1.0,180.0,1.0,0.2,60.0,3.6,92.0,9.57,3.5,20.0,0.5,0.06,0.125,43.67
North-West,1949,300000,29.0,29.9,1.5,1.0,180.0,1.0,0.2,60.0,3.6,92.0,9.66,3.5,20.0,0.5,0.06,0.125,43.69
North-West,1950,300000,30.0,30.9,1.5,1.0,180.0,1.0,0.2,60.0,3.6,92.0,9.75,3.5,20.0,0.5,0.06,0.125,43.7
North-West,1951,300000,31.0,31.9,1.5,1.0,180.0,1.0,0.2,60.0,3.6,92.0,9.84,3.5,20.0,0.5,0.06,0.125,43.72
North-West,1952,300000,32.0,33.0,1.5,1.0,180.0,1.0,0.2,60.0,3.6,92.0,9.93,3.5,20.0,0.5,0.06,0.125,43.74
North-West,1953,300000,33.0,34.0,1.5,1.0,180.0,1.0,0.2,60.0,3.6,92.0,10.02,3.5,20.0,0.5,0.06,0.125,43.75
North-West,1954,300000,34.0,35.0,1.5,1.0,180.0,1.0,0.2,60.0,3.6,92.0,10.11,3.5,20.0,0.5,0.06,0.125,43.77
North-West,1955,300000,35.0,36.1,1.5,1.0,180.0,1.0,0.2,60.0,3.6,92.0,10.2,3.5,20.0,0.5,0.06,0.125,43.78
North-West,1956,300000,36.0,37.1,1.5,1.0,180.0,1.0,0.2,60.0,3.6,92.0,10.29,3.5,20.0,0.5,0.06,0.125,43.8
North-West,1957,300000,37.0,38.1,1.5,1.0,180.0,1.0,0.2,60.0,3.6,92.0,10.38,3.5,20.0,0.5,0.06,0.125,43.82
North-West,1958,300000,38.0,39.1,1.5,1.0,180.0,1.0,0.2,60.0,3.6,92.0,10.47,3.5,20.0,0.5,0.06,0.125,43.83
North-West,1959,300000,39.0,40.2,1.5,1.0,180.0,1.0,0.2,60.0,3.6,92.0,10.56,3.5,20.0,0.5,0.06,0.125,43.85
North-West,1960,350000,40.0,41.2,2.0,1.0,250.0,1.0,0.2,80.0,6.4,90.0,9.67,4.0,24.0,0.6,0.08,0.144,44.23
North-West,1961,350000,41.0,42.2,2.0,1.0,250.0,1.0,0.2,80.0,6.4,90.0,9.78,4.0,24.0,0.6,0.08,0.144,44.25
North-West,1962,350000,42.0,43.3,2.0,1.0,250.0,1.0,0.2,80.0,6.4,90.0,9.89,4.0,24.0,0.6,0.08,0.144,44.27
North-West,1963,350000,43.0,44.3,2.0,1.0,250.0,1.0,0.2,80.0,6.4,90.0,9.99,4.0,24.0,0.6,0.08,0.144,44.29
North-West,1964,350000,44.0,45.3,2.0,1.2,250.0,1.0,0.2,80.0,6.4,90.0,10.1,4.0,24.0,0.6,0.08,0.144,44.31
North-West,1965,350000,45.0,46.3,2.0,1.7,250.0,1.0,0.2,80.0,6.4,90.0,10.21,4.0,24.0,0.6,0.08,0.144,44.33
North-West,1966,350000,46.0,47.4,2.0,2.0,250.0,1.0,0.2,80.0,6.4,90.0,10.32,4.0,24.0,0.6,0.08,0.144,44.35
North-West,1967,350000,47.0,48.4,2.0,2.0,250.0,1.0,0.2,80.0,6.4,90.0,10.42,4.0,24.0,0.6,0.08,0.144,44.37
North-West,1968,350000,48.0,49.4,2.0,2.0,250.0,1.0,0.2,80.0,6.4,90.0,10.53,4.0,24.0,0.6,0.08,0.144,44.39
North-West,1969,350000,49.0,50.5,2.0,2.0,250.0,1.0,0.2,80.0,6.4,90.0,10.64,4.0,24.0,0.6,0.08,0.144,44.41
North-West,1970,350000,50.0,51.5,2.0,2.0,250.0,1.0,0.2,80.0,6.4,90.0,10.75,4.0,24.0,0.6,0.08,0.144,44.43
North-West,1971,350000,51.0,52.5,2.0,2.0,250.0,1.0,0.2,80.0,6.4,90.0,10.85,4.0,24.0,0.6,0.08,0.144,44.44
North-West,1972,350000,52.0,53.6,2.0,2.0,250.0,1.0,0.2,80.0,6.4,90.0,10.96,4.0,24.0,0.6,0.08,0.144,44.46
North-West,1973,350000,53.0,54.6,2.0,2.0,250.0,1.0,0.2,80.0,6.4,90.0,11.07,4.0,24.0,0.6,0.08,0.144,44.48
North-West,1974,350000,54.0,55.6,2.0,2.0,250.0,1.0,0.2,80.0,6.4,90.0,11.18,4.0,25.0,0.6,0.08,0.144,44.5
North-West,1975,350000,55.0,56.6,2.0,2.0,250.0,1.0,0.2,80.0,6.4,90.0,11.28,4.0,26.0,0.6,0.08,0.144,44.52
North-West,1976,350000,56.0,57.7,2.0,2.0,250.0,1.0,0.2,80.0,6.4,90.0,11.39,4.0,27.0,0.744,0.08,0.179,44.31
North-West,1977,350000,57.0,58.7,2.0,2.0,250.0,1.0,0.2,80.0,6.4,90.0,11.5,4.0,28.0,0.85,0.08,0.204,44.17
North-West,1978,350000,58.0,59.7,3.0,2.9,250.0,1.0,0.2,80.0,6.4,90.0,11.61,4.0,29.0,0.914,0.08,0.219,44.09
North-West,1979,350000,59.0,60.8,4.0,3.9,250.0,1.0,0.2,80.0,6.4,90.0,11.71,4.0,30.0,1.073,0.08,0.258,43.85
North-West,1980,350000,60.0,61.8,5.0,4.9,300.0,1.0,0.2,80.0,6.4,90.0,11.82,4.0,31.0,1.168,0.08,0.28,43.72
North-West,1981,350000,61.0,62.8,6.0,5.9,380.0,1.0,0.2,80.0,6.4,90.0,11.93,4.0,32.0,1.234,0.08,0.296,43.64
North-West,1982,360000,62.0,63.9,7.0,6.9,460.0,1.0,0.2,80.0,6.4,90.0,12.04,4.0,33.0,1.325,0.08,0.318,43.51
North-West,1983,420000,63.0,64.9,8.0,7.8,540.0,1.0,0.2,80.0,6.4,90.0,12.14,4.0,34.0,1.412,0.08,0.339,43.4
North-West,1984,480000,64.0,65.9,9.0,8.8,620.0,1.0,0.2,80.0,6.4,90.0,12.25,4.0,35.0,1.55,0.08,0.372,43.2
North-West,1985,540000,65.0,66.9,10.0,9.8,700.0,1.0,0.2,100.0,8.0,90.0,12.36,4.15,36.0,1.643,0.08,0.394,43.16
North-West,1986,600000,66.0,68.0,11.0,10.8,780.0,1.0,0.2,125.0,10.0,90.0,12.47,4.59,37.0,1.707,0.08,0.41,43.35
North-West,1987,660000,67.0,69.0,12.0,11.8,860.0,1.0,0.2,150.0,12.0,90.0,12.57,5.03,38.0,1.802,0.08,0.433,43.48
North-West,1988,720000,68.0,70.0,13.0,12.7,940.0,1.0,0.2,175.0,14.0,90.0,12.68,5.47,39.0,1.909,0.08,0.458,43.59
North-West,1989,780000,69.0,71.1,14.0,13.7,1020.0,1.0,0.2,200.0,16.0,90.0,12.79,5.9,40.0,2.002,0.08,0.48,43.73
North-West,1990,840000,70.0,72.1,15.0,14.4,1100.0,1.0,0.2,225.0,18.0,90.0,12.9,6.34,41.0,2.103,0.08,0.505,43.85
North-West,1991,900000,71.0,73.1,16.0,14.9,1180.0,1.0,0.2,250.0,20.0,90.0,13.09,6.83,42.0,2.158,0.08,0.518,44.09
North-West,1992,960000,72.0,74.2,17.0,15.4,1260.0,1.0,0.2,275.0,22.0,90.0,13.15,7.24,43.0,2.237,0.08,0.537,44.22
North-West,1993,1020000,73.0,75.2,18.0,15.9,1340.0,1.0,0.2,300.0,24.0,90.0,13.53,7.87,44.0,2.318,0.08,0.556,44.54
North-West,1994,1080000,74.0,76.2,19.0,16.4,1420.0,1.0,0.2,325.0,26.0,90.0,13.89,8.51,45.0,2.438,0.08,0.585,44.8
North-West,1995,1140000,75.0,77.2,20.0,16.9,1500.0,1.0,0.2,350.0,28.0,90.0,13.78,8.8,46.0,2.611,0.08,0.627,44.68
North-West,1996,1200000,76.0,78.3,21.0,17.4,1580.0,1.0,0.2,375.0,30.0,90.0,13.62,9.03,47.0,2.798,0.08,0.671,44.5
North-West,1997,1260000,77.0,79.3,22.0,17.9,1660.0,1.0,0.2,400.0,32.0,90.0,13.64,9.39,48.0,2.898,0.1,0.672,44.56
North-West,1998,1320000,78.0,80.3,23.0,18.4,1740.0,1.0,0.2,425.0,34.0,90.0,13.91,9.98,49.0,2.953,0.197,0.648,44.87
North-West,1999,1380000,79.0,81.4,24.0,18.9,1820.0,1.0,0.2,450.0,36.0,90.0,14.04,10.44,50.0,2.957,0.288,0.617,45.17
North-West,2000,1440000,80.0,82.4,25.0,19.4,1900.0,1.0,0.2,475.0,38.0,90.0,13.77,10.53,51.0,3.084,0.386,0.606,44.97
North-West,2001,1500000,81.0,83.4,26.0,19.9,1980.0,1.0,0.2,500.0,40.0,90.0,13.75,10.83,52.0,3.207,0.485,0.595,44.96
North-West,2002,1560000,82.0,84.5,27.0,20.4,2060.0,1.0,0.2,525.0,42.0,90.0,13.72,11.13,53.0,3.267,0.576,0.574,45.04
North-West,2003,1620000,83.0,85.5,28.0,20.9,2140.0,1.0,0.2,550.0,44.0,90.0,13.8,11.51,54.0,3.492,0.693,0.575,44.93
North-West,2004,1680000,84.0,86.5,29.0,21.4,2220.0,1.0,0.2,575.0,46.0,90.0,13.79,11.82,55.0,3.704,0.813,0.573,44.77
North-West,2005,1740000,85.0,87.5,30.0,21.9,2300.0,1.0,0.2,600.0,48.0,90.0,13.62,11.93,56.0,3.82,0.916,0.558,44.63
North-West,2006,1800000,86.0,88.6,31.0,22.4,2380.0,1.0,0.2,625.0,50.0,90.0,13.71,12.32,57.0,3.855,1.001,0.535,44.83
North-West,2007,1860000,87.0,89.6,32.0,23.0,2460.0,1.0,0.2,650.0,52.0,90.0,13.96,12.89,58.0,4.088,1.132,0.533,44.85
North-West,2008,1920000,88.0,90.6,33.0,23.5,2540.0,1.0,0.2,675.0,54.0,90.0,14.01,13.25,59.0,4.305,1.262,0.527,44.73
North-West,2009,1980000,89.0,91.7,34.0,24.0,2620.0,1.0,0.2,700.0,56.0,90.0,14.04,13.56,60.0,4.193,1.305,0.492,45.1
North-West,2010,2040000,90.0,94.0,35.0,24.5,2700.0,1.0,0.2,725.0,58.0,90.0,13.74,13.48,61.0,4.335,1.416,0.48,44.43
North-West,2011,2100000,91.0,98.0,36.0,25.0,2780.0,1.0,0.21,750.0,113.8,84.82,13.65,13.64,62.0,4.334,1.484,0.456,45.24
North-West,2012,2160000,92.0,102.0,37.0,25.5,2860.0,1.6,0.32,775.0,186.8,75.9,13.82,14.11,63.0,4.464,1.59,0.443,46.56
North-West,2013,2220000,93.0,106.0,38.0,26.0,2940.0,5.4,0.4,800.0,241.6,69.8,13.35,13.75,64.0,4.566,1.689,0.428,46.76
North-West,2014,2280000,94.0,110.0,39.0,26.5,3020.0,8.1,0.46,825.0,290.0,64.85,12.95,13.46,65.0,4.692,1.795,0.414,46.79
North-West,2015,2340000,95.0,114.0,40.0,27.0,3100.0,20.0,0.7,850.0,425.0,50.0,14.5,15.8,66.0,4.5,1.9,0.4,60.0
North-West,2016,2400000,96.0,118.0,41.0,28.0,3180.0,24.0,0.8,875.0,481.0,45.0,14.6,16.2,67.0,4.6,2.0,0.4,61.0
North-West,2017,2460000,97.0,122.0,42.0,28.0,3260.0,28.0,0.9,900.0,540.0,40.0,14.7,16.6,68.0,4.7,2.1,0.4,62.0
North-West,2018,2520000,98.0,126.0,43.0,29.0,3340.0,32.0,1.0,925.0,601.0,35.0,14.8,17.0,69.0,4.8,2.2,0.3,63.0
North-West,2019,2580000,99.0,130.0,44.0,29.0,3420.0,37.0,1.1,950.0,665.0,31.0,14.9,17.4,70.0,4.9,2.3,0.3,64.0
North-West,2020,2640000,100.0,134.0,45.0,30.0,3500.0,42.0,1.2,975.0,732.0,27.0,15.0,17.8,71.0,5.0,2.4,0.3,65.0
North-West,2021,2700000,101.0,138.0,46.0,30.0,3580.0,47.0,1.3,1000.0,801.0,22.0,15.1,18.2,72.0,5.1,2.5,0.3,66.0
North-West,2022,2760000,102.0,142.0,47.0,31.0,3660.0,53.0,1.5,1025.0,874.0,18.0,15.2,18.6,73.0,5.2,2.6,0.3,67.0
North-West,2023,2820000,103.0,146.0,48.0,31.0,3740.0,59.0,1.6,1050.0,950.0,15.0,15.3,19.0,74.0,5.3,2.7,0.3,68.0
North-West,2024,2880000,104.0,150.0,49.0,32.0,3820.0,65.0,1.7,1075.0,1029.0,12.0,15.4,19.4,75.0,5.4,2.8,0.2,69.0
North-West,2025,2940000,105.0,154.0,50.0,32.0,3900.0,72.0,1.8,1100.0,1111.0,10.0,15.5,19.8,76.0,5.5,2.9,0.2,70.0
North-West,2026,3000000,106.0,158.0,51.0,33.0,3980.0,79.0,2.0,1125.0,1196.0,8.0,15.6,20.2,77.0,5.6,3.0,0.2,71.0
North-West,2027,3060000,107.0,162.0,52.0,33.0,4060.0,86.0,2.1,1150.0,1284.0,6.0,15.7,20.6,78.0,5.7,3.1,0.2,72.0
North-West,2028,3120000,108.0,166.0,53.0,34.0,4140.0,94.0,2.2,1175.0,1375.0,5.0,15.8,21.0,79.0,5.8,3.2,0.2,73.0
North-West,2029,3180000,109.0,170.0,54.0,34.0,4220.0,102.0,2.3,1200.0,1469.0,4.0,15.9,21.4,80.0,5.9,3.3,0.2,74.0
North-West,2030,3240000,110.0,174.0,55.0,35.0,4300.0,110.0,2.5,1225.0,1566.0,3.0,16.0,21.8,81.0,6.0,3.4,0.2,75.0
South-West,1800,300000,15.0,15.5,1.5,1.0,180.0,1.0,0.2,60.0,3.6,92.0,1.0,3.5,20.0,0.5,0.06,0.02,42.13
South-West,1801,300000,15.0,15.5,1.5,1.0,180.0,1.0,0.2,60.0,3.6,92.0,1.0,3.5,20.0,0.5,0.06,0.02,42.13
South-West,1802,300000,15.0,15.5,1.5,1.0,180.0,1.0,0.2,60.0,3.6,92.0,1.0,3.5,20.0,0.5,0.06,0.022,42.13
South-West,1803,300000,15.0,15.5,1.5,1.0,180.0,1.0,0.2,60.0,3.6,92.0,1.0,3.5,20.0,0.5,0.06,0.024,42.13
South-West,1804,300000,15.0,15.5,1.5,1.0,180.0,1.0,0.2,60.0,3.6,92.0,1.0,3.5,20.0,0.5,0.06,0.025,42.13
South-West,1805,300000,15.0,15.5,1.5,1.0,180.0,1.0,0.2,60.0,3.6,92.0,1.0,3.5,20.0,0.5,0.06,0.027,42.13
South-West,1806,300000,15.0,15.5,1.5,1.0,180.0,1.0,0.2,60.0,3.6,92.0,1.0,3.5,20.0,0.5,0.06,0.029,42.13
South-West,1807,300000,15.0,15.5,1.5,1.0,180.0,1.0,0.2,60.0,3.6,92.0,1.0,3.5,20.0,0.5,0.06,0.031,42.13
South-West,1808,300000,15.0,15.5,1.5,1.0,180.0,1.0,0.2,60.0,3.6,92.0,1.0,3.5,20.0,0.5,0.06,0.033,42.13
South-West,1809,300000,15.0,15.5,1.5,1.0,180.0,1.0,0.2,60.0,3.6,92.0,1.0,3.5,20.0,0.5,0.06,0.035,42.13
South-West,1810,300000,15.0,15.5,1.5,1.0,180.0,1.0,0.2,60.0,3.6,92.0,1.0,3.5,20.0,0.5,0.06,0.037,42.13
South-West,1811,300000,15.0,15.5,1.5,1.0,180.0,1.0,0.2,60.0,3.6,92.0,1.0,3.5,20.0,0.5,0.06,0.038,42.13
South-West,1812,300000,15.0,15.5,1.5,1.0,180.0,1.0,0.2,60.0,3.6,92.0,1.0,3.5,20.0,0.5,0.06,0.04,42.13
South-West,1813,300000,15.0,15.5,1.5,1.0,180.0,1.0,0.2,60.0,3.6,92.0,1.0,3.5,20.0,0.5,0.06,0.042,42.13
South-West,1814,300000,15.0,15.5,1.5,1.0,180.0,1.0,0.2,60.0,3.6,92.0,1.0,3.5,20.0,0.5,0.06,0.044,42.13
South-West,1815,300000,15.0,15.5,1.5,1.0,180.0,1.0,0.2,60.0,3.6,92.0,1.0,3.5,20.0,0.5,0.06,0.046,42.13
South-West,1816,300000,15.0,15.5,1.5,1.0,180.0,1.0,0.2,60.0,3.6,92.0,1.0,3.5,20.0,0.5,0.06,0.048,42.13
South-West,1817,300000,15.0,15.5,1.5,1.0,180.0,1.0,0.2,60.0,3.6,92.0,1.0,3.5,20.0,0.5,0.06,0.05,42.13
South-West,1818,300000,15.0,15.5,1.5,1.0,180.0,1.0,0.2,60.0,3.6,92.0,1.0,3.5,20.0,0.5,0.06,0.051,42.13
South-West,1819,300000,15.0,15.5,1.5,1.0,180.0,1.0,0.2,60.0,3.6,92.0,1.0,3.5,20.0,0.5,0.06,0.053,42.13
South-West,1820,300000,15.0,15.5,1.5,1.0,180.0,1.0,0.2,60.0,3.6,92.0,1.0,3.5,20.0,0.5,0.06,0.055,42.13
South-West,1821,300000,15.0,15.5,1.5,1.0,180.0,1.0,0.2,60.0,3.6,92.0,1.0,3.5,20.0,0.5,0.06,0.057,42.13
South-West,1822,300000,15.0,15.5,1.5,1.0,180.0,1.0,0.2,60.0,3.6,92.0,1.0,3.5,20.0,0.5,0.06,0.059,42.13
South-West,1823,300000,15.0,15.5,1.5,1.0,180.0,1.0,0.2,60.0,3.6,92.0,1.0,3.5,20.0,0.5,0.06,0.061,42.13
South-West,1824,300000,15.0,15.5,1.5,1.0,180.0,1.0,0.2,60.0,3.6,92.0,1.0,3.5,20.0,0.5,0.06,0.063,42.13
South-West,1825,300000,15.0,15.5,1.5,1.0,180.0,1.0,0.2,60.0,3.6,92.0,1.0,3.5,20.0,0.5,0.06,0.064,42.13
South-West,1826,300000,15.0,15.5,1.5,1.0,180.0,1.0,0.2,60.0,3.6,92.0,1.0,3.5,20.0,0.5,0.06,0.066,42.13
South-West,1827,300000,15.0,15.5,1.5,1.0,180.0,1.0,0.2,60.0,3.6,92.0,1.0,3.5,20.0,0.5,0.06,0.068,42.13
South-West,1828,300000,15.0,15.5,1.5,1.0,180.0,1.0,0.2,60.0,3.6,92.0,1.0,3.5,20.0,0.5,0.06,0.07,42.13
South-West,1829,300000,15.0,15.5,1.5,1.0,180.0,1.0,0.2,60.0,3.6,92.0,1.0,3.5,20.0,0.5,0.06,0.072,42.13
South-West,1830,300000,15.0,15.5,1.5,1.0,180.0,1.0,0.2,60.0,3.6,92.0,1.0,3.5,20.0,0.5,0.06,0.074,42.13
South-West,1831,300000,15.0,15.5,1.5,1.0,180.0,1.0,0.2,60.0,3.6,92.0,1.0,3.5,20.0,0.5,0.06,0.076,42.13
South-West,1832,300000,15.0,15.5,1.5,1.0,180.0,1.0,0.2,60.0,3.6,92.0,1.0,3.5,20.0,0.5,0.06,0.077,42.13
South-West,1833,300000,15.0,15.5,1.5,1.0,180.0,1.0,0.2,60.0,3.6,92.0,1.0,3.5,20.0,0.5,0.06,0.079,42.13
South-West,1834,300000,15.0,15.5,1.5,1.0,180.0,1.0,0.2,60.0,3.6,92.0,1.0,3.5,20.0,0.5,0.06,0.081,42.13
South-West,1835,300000,15.0,15.5,1.5,1.0,180.0,1.0,0.2,60.0,3.6,92.0,1.0,3.5,20.0,0.5,0.06,0.083,42.13
South-West,1836,300000,15.0,15.5,1.5,1.0,180.0,1.0,0.2,60.0,3.6,92.0,1.0,3.5,20.0,0.5,0.06,0.085,42.13
South-West,1837,300000,15.0,15.5,1.5,1.0,180.0,1.0,0.2,60.0,3.6,92.0,1.0,3.5,20.0,0.5,0.06,0.087,42.13
South-West,1838,300000,15.0,15.5,1.5,1.0,180.0,1.0,0.2,60.0,3.6,92.0,1.0,3.5,20.0,0.5,0.06,0.089,42.13
South-West,1839,300000,15.0,15.5,1.5,1.0,180.0,1.0,0.2,60.0,3.6,92.0,1.0,3.5,20.0,0.5,0.06,0.091,42.13
South-West,1840,300000,15.0,15.5,1.5,1.0,180.0,1.0,0.2,60.0,3.6,92.0,1.0,3.5,20.0,0.5,0.06,0.092,42.13
South-West,1841,300000,15.0,15.5,1.5,1.0,180.0,1.0,0.2,60.0,3.6,92.0,1.0,3.5,20.0,0.5,0.06,0.094,42.13
South-West,1842,300000,15.0,15.5,1.5,1.0,180.0,1.0,0.2,60.0,3.6,92.0,1.0,3.5,20.0,0.5,0.06,0.096,42.13
South-West,1843,300000,15.0,15.5,1.5,1.0,180.0,1.0,0.2,60.0,3.6,92.0,1.0,3.5,20.0,0.5,0.06,0.098,42.13
South-West,1844,300000,15.0,15.5,1.5,1.0,180.0,1.0,0.2,60.0,3.6,92.0,1.0,3.5,20.0,0.5,0.06,0.1,42.13
South-West,1845,300000,15.0,15.5,1.5,1.0,180.0,1.0,0.2,60.0,3.6,92.0,1.0,3.5,20.0,0.5,0.06,0.102,42.13
South-West,1846,300000,15.0,15.5,1.5,1.0,180.0,1.0,0.2,60.0,3.6,92.0,1.0,3.5,20.0,0.5,0.06,0.104,42.13
South-West,1847,300000,15.0,15.5,1.5,1.0,180.0,1.0,0.2,60.0,3.6,92.0,1.0,3.5,20.0,0.5,0.06,0.105,42.13
South-West,1848,300000,15.0,15.5,1.5,1.0,180.0,1.0,0.2,60.0,3.6,92.0,1.0,3.5,20.0,0.5,0.06,0.107,42.13
South-West,1849,300000,15.0,15.5,1.5,1.0,180.0,1.0,0.2,60.0,3.6,92.0,1.0,3.5,20.0,0.5,0.06,0.109,42.13
South-West,1850,300000,15.0,15.5,1.5,1.0,180.0,1.0,0.2,60.0,3.6,92.0,1.0,3.5,20.0,0.5,0.06,0.111,42.13
South-West,1851,300000,15.0,15.5,1.5,1.0,180.0,1.0,0.2,60.0,3.6,92.0,1.0,3.5,20.0,0.5,0.06,0.113,42.13
South-West,1852,300000,15.0,15.5,1.5,1.0,180.0,1.0,0.2,60.0,3.6,92.0,1.0,3.5,20.0,0.5,0.06,0.115,42.13
South-West,1853,300000,15.0,15.5,1.5,1.0,180.0,1.0,0.2,60.0,3.6,92.0,1.0,3.5,20.0,0.5,0.06,0.117,42.13
South-West,1854,300000,15.0,15.5,1.5,1.0,180.0,1.0,0.2,60.0,3.6,92.0,1.0,3.5,20.0,0.5,0.06,0.118,42.13
South-West,1855,300000,15.0,15.5,1.5,1.0,180.0,1.0,0.2,60.0,3.6,92.0,1.0,3.5,20.0,0.5,0.06,0.12,42.13
South-West,1856,300000,15.0,15.5,1.5,1.0,180.0,1.0,0.2,60.0,3.6,92.0,1.0,3.5,20.0,0.5,0.06,0.122,42.13
South-West,1857,300000,15.0,15.5,1.5,1.0,180.0,1.0,0.2,60.0,3.6,92.0,1.0,3.5,20.0,0.5,0.06,0.124,42.13
South-West,1858,300000,15.0,15.5,1.5,1.0,180.0,1.0,0.2,60.0,3.6,92.0,1.0,3.5,20.0,0.5,0.06,0.125,42.13
South-West,1859,300000,15.0,15.5,1.5,1.0,180.0,1.0,0.2,60.0,3.6,92.0,1.0,3.5,20.0,0.5,0.06,0.125,42.13
South-West,1860,300000,15.0,15.5,1.5,1.0,180.0,1.0,0.2,60.0,3.6,92.0,1.0,3.5,20.0,0.5,0.06,0.125,42.13
South-West,1861,300000,15.0,15.5,1.5,1.0,180.0,1.0,0.2,60.0,3.6,92.0,1.0,3.5,20.0,0.5,0.06,0.125,42.13
South-West,1862,300000,15.0,15.5,1.5,1.0,180.0,1.0,0.2,60.0,3.6,92.0,1.0,3.5,20.0,0.5,0.06,0.125,42.13
South-West,1863,300000,15.0,15.5,1.5,1.0,180.0,1.0,0.2,60.0,3.6,92.0,1.0,3.5,20.0,0.5,0.06,0.125,42.13
South-West,1864,300000,15.0,15.5,1.5,1.0,180.0,1.0,0.2,60.0,3.6,92.0,1.0,3.5,20.0,0.5,0.06,0.125,42.13
South-West,1865,300000,15.0,15.5,1.5,1.0,180.0,1.0,0.2,60.0,3.6,92.0,1.0,3.5,20.0,0.5,0.06,0.125,42.13
South-West,1866,300000,15.0,15.5,1.5,1.0,180.0,1.0,0.2,60.0,3.6,92.0,1.0,3.5,20.0,0.5,0.06,0.125,42.13
South-West,1867,300000,15.0,15.5,1.5,1.0,180.0,1.0,0.2,60.0,3.6,92.0,1.0,3.5,20.0,0.5,0.06,0.125,42.13
South-West,1868,300000,15.0,15.5,1.5,1.0,180.0,1.0,0.2,60.0,3.6,92.0,1.0,3.5,20.0,0.5,0.06,0.125,42.13
South-West,1869,300000,15.0,15.5,1.5,1.0,180.0,1.0,0.2,60.0,3.6,92.0,1.0,3.5,20.0,0.5,0.06,0.125,42.13
South-West,1870,300000,15.0,15.5,1.5,1.0,180.0,1.0,0.2,60.0,3.6,92.0,1.0,3.5,20.0,0.5,0.06,0.125,42.13
South-West,1871,300000,15.0,15.5,1.5,1.0,180.0,1.0,0.2,60.0,3.6,92.0,1.0,3.5,20.0,0.5,0.06,0.125,42.13
South-West,1872,300000,15.0,15.5,1.5,1.0,180.0,1.0,0.2,60.0,3.6,92.0,1.0,3.5,20.0,0.5,0.06,0.125,42.13
South-West,1873,300000,15.0,15.5,1.5,1.0,180.0,1.0,0.2,60.0,3.6,92.0,1.0,3.5,20.0,0.5,0.06,0.125,42.13
South-West,1874,300000,15.0,15.5,1.5,1.0,180.0,1.0,0.2,60.0,3.6,92.0,1.0,3.5,20.0,0.5,0.06,0.125,42.13
South-West,1875,300000,15.0,15.5,1.5,1.0,180.0,1.0,0.2,60.0,3.6,92.0,1.0,3.5,20.0,0.5,0.06,0.125,42.13
South-West,1876,300000,15.0,15.5,1.5,1.0,180.0,1.0,0.2,60.0,3.6,92.0,1.0,3.5,20.0,0.5,0.06,0.125,42.13
South-West,1877,300000,15.0,15.5,1.5,1.0,180.0,1.0,0.2,60.0,3.6,92.0,1.0,3.5,20.0,0.5,0.06,0.125,42.13
South-West,1878,300000,15.0,15.5,1.5,1.0,180.0,1.0,0.2,60.0,3.6,92.0,1.0,3.5,20.0,0.5,0.06,0.125,42.13
South-West,1879,300000,15.0,15.5,1.5,1.0,180.0,1.0,0.2,60.0,3.6,92.0,1.0,3.5,20.0,0.5,0.06,0.125,42.13
South-West,1880,300000,15.0,15.5,1.5,1.0,180.0,1.0,0.2,60.0,3.6,92.0,1.0,3.5,20.0,0.5,0.06,0.125,42.13
South-West,1881,300000,15.0,15.5,1.5,1.0,180.0,1.0,0.2,60.0,3.6,92.0,1.0,3.5,20.0,0.5,0.06,0.125,42.13
South-West,1882,300000,15.0,15.5,1.5,1.0,180.0,1.0,0.2,60.0,3.6,92.0,1.0,3.5,20.0,0.5,0.06,0.125,42.13
South-West,1883,300000,15.0,15.5,1.5,1.0,180.0,1.0,0.2,60.0,3.6,92.0,1.0,3.5,20.0,0.5,0.06,0.125,42.13
South-West,1884,300000,15.0,15.5,1.5,1.0,180.0,1.0,0.2,60.0,3.6,92.0,1.0,3.5,20.0,0.5,0.06,0.125,42.13
South-West,1885,300000,15.0,15.5,1.5,1.0,180.0,1.0,0.2,60.0,3.6,92.0,1.0,3.5,20.0,0.5,0.06,0.125,42.13
South-West,1886,300000,15.0,15.5,1.5,1.0,180.0,1.0,0.2,60.0,3.6,92.0,1.0,3.5,20.0,0.5,0.06,0.125,42.13
South-West,1887,300000,15.0,15.5,1.5,1.0,180.0,1.0,0.2,60.0,3.6,92.0,1.0,3.5,20.0,0.5,0.06,0.125,42.13
South-West,1888,300000,15.0,15.5,1.5,1.0,180.0,1.0,0.2,60.0,3.6,92.0,1.0,3.5,20.0,0.5,0.06,0.125,42.13
South-West,1889,300000,15.0,15.5,1.5,1.0,180.0,1.0,0.2,60.0,3.6,92.0,1.0,3.5,20.0,0.5,0.06,0.125,42.13
South-West,1890,300000,15.0,15.5,1.5,1.0,180.0,1.0,0.2,60.0,3.6,92.0,1.0,3.5,20.0,0.5,0.06,0.125,42.13
South-West,1891,300000,15.0,15.5,1.5,1.0,180.0,1.0,0.2,60.0,3.6,92.0,1.0,3.5,20.0,0.5,0.06,0.125,42.13
South-West,1892,300000,15.0,15.5,1.5,1.0,180.0,1.0,0.2,60.0,3.6,92.0,1.0,3.5,20.0,0.5,0.06,0.125,42.13
South-West,1893,300000,15.0,15.5,1.5,1.0,180.0,1.0,0.2,60.0,3.6,92.0,1.0,3.5,20.0,0.5,0.06,0.125,42.13
South-West,1894,300000,15.0,15.5,1.5,1.0,180.0,1.0,0.2,60.0,3.6,92.0,1.0,3.5,20.0,0.5,0.06,0.125,42.13
South-West,1895,300000,15.0,15.5,1.5,1.0,180.0,1.0,0.2,60.0,3.6,92.0,1.0,3.5,20.0,0.5,0.06,0.125,42.13
South-West,1896,300000,15.0,15.5,1.5,1.0,180.0,1.0,0.2,60.0,3.6,92.0,1.0,3.5,20.0,0.5,0.06,0.125,42.13
South-West,1897,300000,15.0,15.5,1.5,1.0,180.0,1.0,0.2,60.0,3.6,92.0,1.0,3.5,20.0,0.5,0.06,0.125,42.13
South-West,1898,300000,15.0,15.5,1.5,1.0,180.0,1.0,0.2,60.0,3.6,92.0,1.0,3.5,20.0,0.5,0.06,0.125,42.13
South-West,1899,300000,15.0,15.5,1.5,1.0,180.0,1.0,0.2,60.0,3.6,92.0,1.0,3.5,20.0,0.5,0.06,0.125,42.13
South-West,1900,300000,15.0,15.5,1.5,1.0,180.0,1.0,0.2,60.0,3.6,92.0,1.0,3.5,20.0,0.5,0.06,0.125,42.13
South-West,1901,300000,15.0,15.5,1.5,1.0,180.0,1.0,0.2,60.0,3.6,92.0,1.0,3.5,20.0,0.5,0.06,0.125,42.13
South-West,1902,300000,15.0,15.5,1.5,1.0,180.0,1.0,0.2,60.0,3.6,92.0,1.0,3.5,20.0,0.5,0.06,0.125,42.13
South-West,1903,300000,15.0,15.5,1.5,1.0,180.0,1.0,0.2,60.0,3.6,92.0,1.0,3.5,20.0,0.5,0.06,0.125,42.13
South-West,1904,300000,15.0,15.5,1.5,1.0,180.0,1.0,0.2,60.0,3.6,92.0,1.0,3.5,20.0,0.5,0.06,0.125,42.13
South-West,1905,300000,15.0,15.5,1.5,1.0,180.0,1.0,0.2,60.0,3.6,92.0,1.0,3.5,20.0,0.5,0.06,0.125,42.13
South-West,1906,300000,15.0,15.5,1.5,1.0,180.0,1.0,0.2,60.0,3.6,92.0,1.0,3.5,20.0,0.5,0.06,0.125,42.13
South-West,1907,300000,15.0,15.5,1.5,1.0,180.0,1.0,0.2,60.0,3.6,92.0,1.0,3.5,20.0,0.5,0.06,0.125,42.13
South-West,1908,300000,15.0,15.5,1.5,1.0,180.0,1.0,0.2,60.0,3.6,92.0,1.0,3.5,20.0,0.5,0.06,0.125,42.13
South-West,1909,300000,15.0,15.5,1.5,1.0,180.0,1.0,0.2,60.0,3.6,92.0,1.0,3.5,20.0,0.5,0.06,0.125,42.13
South-West,1910,300000,15.0,15.5,1.5,1.0,180.0,1.0,0.2,60.0,3.6,92.0,1.0,3.5,20.0,0.5,0.06,0.125,42.13
South-West,1911,300000,15.0,15.5,1.5,1.0,180.0,1.0,0.2,60.0,3.6,92.0,1.0,3.5,20.0,0.5,0.06,0.125,42.13
South-West,1912,300000,15.0,15.5,1.5,1.0,180.0,1.0,0.2,60.0,3.6,92.0,1.0,3.5,20.0,0.5,0.06,0.125,42.13
South-West,1913,300000,16.0,16.5,1.5,1.0,180.0,1.0,0.2,60.0,3.6,92.0,1.0,3.5,20.0,0.5,0.06,0.125,42.13
South-West,1914,300000,17.0,17.5,1.5,1.0,180.0,1.0,0.2,60.0,3.6,92.0,1.0,3.5,20.0,0.5,0.06,0.125,42.13
South-West,1915,300000,18.0,18.5,1.5,1.0,180.0,1.0,0.2,60.0,3.6,92.0,1.0,3.5,20.0,0.5,0.06,0.125,42.13
South-West,1916,300000,19.0,19.6,1.5,1.0,180.0,1.0,0.2,60.0,3.6,92.0,1.0,3.5,20.0,0.5,0.06,0.125,42.13
South-West,1917,300000,20.0,20.6,1.5,1.0,180.0,1.0,0.2,60.0,3.6,92.0,1.0,3.5,20.0,0.5,0.06,0.125,42.13
South-West,1918,300000,21.0,21.6,1.5,1.0,180.0,1.0,0.2,60.0,3.6,92.0,1.0,3.5,20.0,0.5,0.06,0.125,42.13
South-West,1919,300000,22.0,22.7,1.5,1.0,180.0,1.0,0.2,60.0,3.6,92.0,1.0,3.5,20.0,0.5,0.06,0.125,42.13
South-West,1920,300000,23.0,23.7,1.5,1.0,180.0,1.0,0.2,60.0,3.6,92.0,1.0,3.5,20.0,0.5,0.06,0.125,42.13
South-West,1921,300000,24.0,24.7,1.5,1.0,180.0,1.0,0.2,60.0,3.6,92.0,1.0,3.5,20.0,0.5,0.06,0.125,42.13
South-West,1922,300000,25.0,25.8,1.5,1.0,180.0,1.0,0.2,60.0,3.6,92.0,1.17,3.5,20.0,0.5,0.06,0.125,42.16
South-West,1923,300000,26.0,26.8,1.5,1.0,180.0,1.0,0.2,60.0,3.6,92.0,1.37,3.5,20.0,0.5,0.06,0.125,42.19
South-West,1924,300000,27.0,27.8,1.5,1.0,180.0,1.0,0.2,60.0,3.6,92.0,1.56,3.5,20.0,0.5,0.06,0.125,42.23
South-West,1925,300000,28.0,28.8,1.5,1.0,180.0,1.0,0.2,60.0,3.6,92.0,1.76,3.5,20.0,0.5,0.06,0.125,42.27
South-West,1926,300000,29.0,29.9,1.5,1.0,180.0,1.0,0.2,60.0,3.6,92.0,1.96,3.5,20.0,0.5,0.06,0.125,42.3
South-West,1927,300000,30.0,30.9,1.5,1.0,180.0,1.0,0.2,60.0,3.6,92.0,2.16,3.5,20.0,0.5,0.06,0.125,42.34
South-West,1928,300000,31.0,31.9,1.5,1.0,180.0,1.0,0.2,60.0,3.6,92.0,2.35,3.5,20.0,0.5,0.06,0.125,42.37
South-West,1929,300000,32.0,33.0,1.5,1.0,180.0,1.0,0.2,60.0,3.6,92.0,2.55,3.5,20.0,0.5,0.06,0.125,42.41
South-West,1930,300000,33.0,34.0,1.5,1.0,180.0,1.0,0.2,60.0,3.6,92.0,2.75,3.5,20.0,0.5,0.06,0.125,42.44
South-West,1931,300000,34.0,35.0,1.5,1.0,180.0,1.0,0.2,60.0,3.6,92.0,2.94,3.5,20.0,0.5,0.06,0.125,42.48
South-West,1932,300000,35.0,36.1,1.5,1.0,180.0,1.0,0.2,60.0,3.6,92.0,3.14,3.5,20.0,0.5,0.06,0.125,42.51
South-West,1933,300000,36.0,37.1,1.5,1.0,180.0,1.0,0.2,60.0,3.6,92.0,3.34,3.5,20.0,0.5,0.06,0.125,42.55
South-West,1934,300000,37.0,38.1,1.5,1.0,180.0,1.0,0.2,60.0,3.6,92.0,3.54,3.5,20.0,0.5,0.06,0.125,42.58
South-West,1935,300000,38.0,39.1,1.5,1.0,180.0,1.0,0.2,60.0,3.6,92.0,3.73,3.5,20.0,0.5,0.06,0.125,42.62
South-West,1936,300000,39.0,40.2,1.5,1.0,180.0,1.0,0.2,60.0,3.6,92.0,3.93,3.5,20.0,0.5,0.06,0.125,42.66
South-West,1937,300000,40.0,41.2,1.5,1.0,180.0,1.0,0.2,60.0,3.6,92.0,4.13,3.5,20.0,0.5,0.06,0.125,42.69
South-West,1938,300000,41.0,42.2,1.5,1.0,180.0,1.0,0.2,60.0,3.6,92.0,4.33,3.5,20.0,0.5,0.06,0.125,42.73
South-West,1939,300000,42.0,43.3,1.5,1.0,180.0,1.0,0.2,60.0,3.6,92.0,4.52,3.5,20.0,0.5,0.06,0.125,42.76
South-West,1940,300000,43.0,44.3,1.5,1.0,180.0,1.0,0.2,60.0,3.6,92.0,4.72,3.5,20.0,0.5,0.06,0.125,42.8
South-West,1941,300000,44.0,45.3,1.5,1.0,180.0,1.0,0.2,60.0,3.6,92.0,4.92,3.5,20.0,0.5,0.06,0.125,42.83
South-West,1942,300000,45.0,46.4,1.5,1.0,180.0,1.0,0.2,60.0,3.6,92.0,5.12,3.5,20.0,0.5,0.06,0.125,42.87
South-West,1943,300000,46.0,47.4,1.5,1.0,180.0,1.0,0.2,60.0,3.6,92.0,5.31,3.5,20.0,0.5,0.06,0.125,42.9
South-West,1944,300000,47.0,48.4,1.5,1.0,180.0,1.0,0.2,60.0,3.6,92.0,5.51,3.5,20.0,0.5,0.06,0.125,42.94
South-West,1945,300000,48.0,49.4,1.5,1.0,180.0,1.0,0.2,60.0,3.6,92.0,5.71,3.5,20.0,0.5,0.06,0.125,42.98
South-West,1946,300000,49.0,50.5,1.5,1.0,180.0,1.0,0.2,60.0,3.6,92.0,5.91,3.5,20.0,0.5,0.06,0.125,43.01
South-West,1947,300000,50.0,51.5,1.5,1.0,180.0,1.0,0.2,60.0,3.6,92.0,6.1,3.5,20.0,0.5,0.06,0.125,43.05
South-West,1948,300000,51.0,52.5,1.5,1.0,180.0,1.0,0.2,60.0,3.6,92.0,6.3,3.5,20.0,0.5,0.06,0.125,43.08
South-West,1949,300000,52.0,53.6,1.5,1.0,180.0,1.0,0.2,60.0,3.6,92.0,6.5,3.5,20.0,0.5,0.06,0.125,43.12
South-West,1950,300000,53.0,54.6,1.5,1.0,180.0,1.0,0.2,60.0,3.6,92.0,6.69,3.5,20.0,0.5,0.06,0.125,43.15
South-West,1951,300000,54.0,55.6,1.5,1.0,180.0,1.0,0.2,60.0,3.6,92.0,6.89,3.5,20.0,0.5,0.06,0.125,43.19
South-West,1952,300000,55.0,56.7,1.5,1.0,180.0,1.0,0.2,60.0,3.6,92.0,7.09,3.5,20.0,0.5,0.06,0.125,43.22
South-West,1953,300000,56.0,57.7,1.5,1.0,180.0,1.0,0.2,60.0,3.6,92.0,7.29,3.5,20.0,0.5,0.06,0.125,43.26
South-West,1954,300000,57.0,58.7,1.5,1.0,180.0,1.0,0.2,60.0,3.6,92.0,7.48,3.5,20.0,0.5,0.06,0.125,43.3
South-West,1955,300000,58.0,59.7,1.5,1.0,180.0,1.0,0.2,60.0,3.6,92.0,7.68,3.5,20.0,0.5,0.06,0.125,43.33
South-West,1956,300000,59.0,60.8,1.5,1.0,180.0,1.0,0.2,60.0,3.6,92.0,7.88,3.5,20.0,0.5,0.06,0.125,43.37
South-West,1957,300000,60.0,61.8,1.5,1.0,180.0,1.0,0.2,60.0,3.6,92.0,8.08,3.5,20.0,0.5,0.06,0.125,43.4
South-West,1958,300000,61.0,62.8,1.5,1.0,180.0,1.0,0.2,60.0,3.6,92.0,8.27,3.5,20.0,0.5,0.06,0.125,43.44
South-West,1959,300000,62.0,63.9,1.5,1.0,180.0,1.0,0.2,60.0,3.6,92.0,8.47,3.5,20.0,0.5,0.06,0.125,43.47
South-West,1960,350000,63.0,64.9,2.0,2.0,250.0,1.0,0.2,80.0,6.4,90.0,7.74,4.0,24.0,0.6,0.08,0.144,43.88
South-West,1961,350000,64.0,65.9,2.0,2.0,250.0,1.0,0.2,80.0,6.4,90.0,7.95,4.0,24.0,0.6,0.08,0.144,43.92
South-West,1962,350000,65.0,66.9,2.0,2.0,250.0,1.0,0.2,80.0,6.4,90.0,8.17,4.0,24.0,0.6,0.08,0.144,43.96
South-West,1963,350000,66.0,68.0,2.0,2.0,250.0,1.0,0.2,80.0,6.4,90.0,8.38,4.0,24.0,0.6,0.08,0.144,44.0
South-West,1964,350000,67.0,69.0,2.0,2.0,250.0,1.0,0.2,80.0,6.4,90.0,8.6,4.0,24.0,0.6,0.08,0.144,44.04
South-West,1965,350000,68.0,70.0,2.0,2.0,250.0,1.0,0.2,80.0,6.4,90.0,8.81,4.0,24.0,0.6,0.08,0.144,44.08
South-West,1966,350000,69.0,71.1,2.0,2.0,250.0,1.0,0.2,80.0,6.4,90.0,9.03,4.0,24.0,0.6,0.08,0.144,44.12
South-West,1967,350000,70.0,72.1,2.0,2.0,250.0,1.0,0.2,80.0,6.4,90.0,9.24,4.0,24.0,0.6,0.08,0.144,44.15
South-West,1968,350000,71.0,73.1,2.0,2.0,250.0,1.0,0.2,80.0,6.4,90.0,9.46,4.0,24.0,0.6,0.08,0.144,44.19
South-West,1969,350000,72.0,74.2,2.0,2.0,250.0,1.0,0.2,80.0,6.4,90.0,9.67,4.0,24.0,0.6,0.08,0.144,44.23
South-West,1970,350000,73.0,75.2,2.0,2.0,250.0,1.0,0.2,80.0,6.4,90.0,9.89,4.0,24.0,0.6,0.08,0.144,44.27
South-West,1971,350000,74.0,76.2,2.0,2.0,250.0,1.0,0.2,80.0,6.4,90.0,10.1,4.0,24.0,0.678,0.08,0.163,44.19
South-West,1972,350000,75.0,77.2,2.0,2.0,250.0,1.0,0.2,80.0,6.4,90.0,10.32,4.0,24.0,0.812,0.08,0.195,44.01
South-West,1973,350000,76.0,78.3,2.0,2.0,250.0,1.0,0.2,80.0,6.4,90.0,10.53,4.0,24.0,0.968,0.08,0.232,43.81
South-West,1974,350000,77.0,79.3,2.0,2.0,250.0,1.0,0.2,80.0,6.4,90.0,10.75,4.0,24.0,1.112,0.08,0.267,43.62
South-West,1975,350000,78.0,80.3,2.0,2.0,250.0,1.0,0.2,80.0,6.4,90.0,10.96,4.0,24.0,1.2,0.08,0.288,43.52
South-West,1976,350000,79.0,81.4,2.0,2.0,250.0,1.0,0.2,80.0,6.4,90.0,11.18,4.26,24.0,1.364,0.08,0.327,43.46
South-West,1977,350000,80.0,82.4,2.0,2.0,250.0,1.0,0.2,80.0,6.4,90.0,11.39,4.7,24.0,1.458,0.08,0.35,43.61
South-West,1978,350000,81.0,83.4,2.0,2.0,250.0,1.0,0.2,80.0,6.4,90.0,11.61,5.14,24.0,1.485,0.08,0.356,43.87
South-West,1979,370000,82.0,84.5,2.0,2.0,250.0,1.0,0.2,80.0,6.4,90.0,11.82,5.58,24.0,1.67,0.08,0.401,43.88
South-West,1980,440000,83.0,85.5,2.0,2.0,250.0,1.0,0.2,80.0,6.4,90.0,12.04,6.01,24.0,1.753,0.08,0.421,44.05
South-West,1981,510000,84.0,86.5,2.0,2.0,250.0,1.0,0.2,80.0,6.4,90.0,12.25,6.45,24.0,1.794,0.08,0.431,44.28
South-West,1982,580000,85.0,87.5,2.0,2.0,250.0,1.0,0.2,80.0,6.4,90.0,12.47,6.89,25.0,1.878,0.08,0.451,44.45
South-West,1983,650000,86.0,88.6,3.0,2.9,250.0,1.0,0.2,90.0,7.2,90.0,12.68,7.32,26.0,1.955,0.08,0.469,44.63
South-West,1984,720000,87.0,89.6,4.0,3.9,250.0,1.0,0.2,120.0,9.6,90.0,12.9,7.76,27.0,2.103,0.08,0.505,44.7
South-West,1985,790000,88.0,90.6,5.0,4.9,250.0,1.0,0.2,150.0,12.0,90.0,13.11,8.2,28.0,2.191,0.08,0.526,44.86
South-West,1986,860000,89.0,91.7,6.0,5.9,320.0,1.0,0.2,180.0,14.4,90.0,13.32,8.64,29.0,2.24,0.08,0.538,45.09
South-West,1987,930000,90.0,92.7,7.0,6.9,440.0,1.0,0.2,210.0,16.8,90.0,13.54,9.07,30.0,2.333,0.08,0.56,45.24
South-West,1988,1000000,91.0,93.7,8.0,7.8,560.0,1.0,0.2,240.0,19.2,90.0,13.75,9.51,31.0,2.44,0.08,0.586,45.38
South-West,1989,1070000,92.0,94.8,9.0,8.8,680.0,1.0,0.2,270.0,21.6,90.0,13.97,9.95,32.0,2.529,0.08,0.607,45.54
South-West,1990,1140000,93.0,95.8,10.0,9.8,800.0,1.0,0.2,300.0,24.0,90.0,14.18,10.39,33.0,2.629,0.08,0.631,45.68
South-West,1991,1210000,94.0,96.8,11.0,10.8,920.0,1.0,0.2,330.0,26.4,90.0,14.5,10.91,34.0,2.671,0.08,0.641,45.99
South-West,1992,1280000,95.0,97.8,12.0,11.8,1040.0,1.0,0.2,360.0,28.8,90.0,14.66,11.3,35.0,2.746,0.08,0.659,46.13
South-West,1993,1350000,96.0,98.9,13.0,12.7,1160.0,1.0,0.2,390.0,31.2,90.0,15.18,12.03,36.0,2.822,0.08,0.677,46.54
South-West,1994,1420000,97.0,99.9,14.0,13.7,1280.0,1.0,0.2,420.0,33.6,90.0,15.68,12.76,37.0,2.946,0.096,0.688,46.88
South-West,1995,1490000,98.0,100.9,15.0,14.7,1400.0,1.0,0.2,450.0,36.0,90.0,15.65,12.97,38.0,3.133,0.196,0.687,46.7
South-West,1996,1560000,99.0,102.0,16.0,15.7,1520.0,1.0,0.2,480.0,38.4,90.0,15.57,13.11,39.0,3.336,0.301,0.688,46.45
South-West,1997,1630000,100.0,103.0,17.0,16.7,1640.0,1.0,0.2,510.0,40.8,90.0,15.68,13.43,40.0,3.435,0.401,0.672,46.51
South-West,1998,1700000,101.0,104.0,18.0,17.6,1760.0,1.0,0.2,540.0,43.2,90.0,16.08,14.08,41.0,3.48,0.494,0.648,46.9
South-West,1999,1770000,102.0,105.1,19.0,18.6,1880.0,1.0,0.2,570.0,45.6,90.0,16.33,14.55,42.0,3.467,0.575,0.617,47.24
South-West,2000,1840000,103.0,106.1,20.0,19.6,2000.0,1.0,0.2,600.0,48.0,90.0,16.1,14.5,43.0,3.598,0.676,0.606,46.97
South-West,2001,1910000,104.0,107.1,21.0,20.6,2120.0,1.0,0.2,630.0,50.4,90.0,16.16,14.76,44.0,3.724,0.777,0.595,46.94
South-West,2002,1980000,105.0,108.1,22.0,21.6,2240.0,1.0,0.2,660.0,52.8,90.0,16.22,15.01,45.0,3.777,0.864,0.574,47.01
South-West,2003,2050000,106.0,109.2,23.0,22.5,2360.0,1.0,0.2,690.0,55.2,90.0,16.39,15.39,46.0,4.021,0.99,0.575,46.88
South-West,2004,2120000,107.0,110.2,24.0,23.5,2480.0,1.0,0.2,720.0,57.6,90.0,16.47,15.65,47.0,4.249,1.118,0.573,46.7
South-West,2005,2190000,108.0,111.2,25.0,24.5,2600.0,1.0,0.2,750.0,60.0,90.0,16.34,15.67,48.0,4.365,1.221,0.558,46.51
South-West,2006,2260000,109.0,112.3,26.0,25.5,2720.0,1.0,0.2,780.0,62.4,90.0,16.53,16.06,49.0,4.39,1.301,0.535,46.73
South-West,2007,2330000,110.0,113.3,27.0,26.5,2840.0,1.0,0.2,810.0,64.8,90.0,16.91,16.68,50.0,4.64,1.44,0.533,46.78
South-West,2008,2400000,111.0,114.3,28.0,27.4,2960.0,1.0,0.2,840.0,67.2,90.0,17.06,17.02,51.0,4.872,1.578,0.527,46.65
South-West,2009,2470000,112.0,115.4,29.0,28.4,3080.0,1.0,0.2,870.0,69.6,90.0,17.17,17.31,52.0,4.73,1.607,0.492,47.06
South-West,2010,2540000,113.0,116.4,30.0,29.4,3200.0,1.0,0.2,900.0,72.0,90.0,16.88,17.09,53.0,4.877,1.719,0.48,46.65
South-West,2011,2610000,114.0,117.4,31.0,30.0,3320.0,1.0,0.25,930.0,155.1,83.32,16.85,17.19,54.0,4.862,1.781,0.456,48.5
South-West,2012,2680000,115.0,120.0,32.0,30.5,3440.0,1.0,0.38,960.0,241.6,74.83,17.13,17.69,55.0,4.995,1.889,0.443,50.13
South-West,2013,2750000,116.0,125.0,33.0,31.0,3560.0,6.7,0.46,990.0,305.2,69.17,16.62,17.15,56.0,5.097,1.987,0.428,50.0
South-West,2014,2820000,117.0,130.0,34.0,31.5,3680.0,10.9,0.53,1020.0,361.4,64.57,16.19,16.7,57.0,5.225,2.094,0.414,49.72
South-West,2015,2890000,118.0,135.0,35.0,32.0,3800.0,28.0,0.8,1050.0,525.0,50.0,18.2,19.5,58.0,5.0,2.2,0.4,63.0
South-West,2016,2960000,119.0,140.0,36.0,33.0,3920.0,34.0,0.9,1080.0,594.0,45.0,18.4,19.9,59.0,5.1,2.3,0.4,64.0
South-West,2017,3030000,120.0,145.0,37.0,33.0,4040.0,40.0,1.0,1110.0,666.0,40.0,18.6,20.3,60.0,5.2,2.4,0.4,65.0
South-West,2018,3100000,121.0,150.0,38.0,34.0,4160.0,47.0,1.1,1140.0,741.0,35.0,18.8,20.7,61.0,5.3,2.5,0.3,66.0
South-West,2019,3170000,122.0,155.0,39.0,34.0,4280.0,54.0,1.3,1170.0,819.0,31.0,19.0,21.1,62.0,5.4,2.6,0.3,67.0
South-West,2020,3240000,123.0,160.0,40.0,35.0,4400.0,62.0,1.4,1200.0,900.0,27.0,19.2,21.5,63.0,5.5,2.7,0.3,68.0
South-West,2021,3310000,124.0,165.0,41.0,35.0,4520.0,70.0,1.5,1230.0,984.0,22.0,19.4,21.9,64.0,5.6,2.8,0.3,69.0
South-West,2022,3380000,125.0,170.0,42.0,36.0,4640.0,79.0,1.7,1260.0,1071.0,18.0,19.6,22.3,65.0,5.7,2.9,0.3,70.0
South-West,2023,3450000,126.0,175.0,43.0,36.0,4760.0,88.0,1.8,1290.0,1161.0,15.0,19.8,22.7,66.0,5.8,3.0,0.3,71.0
South-West,2024,3520000,127.0,180.0,44.0,37.0,4880.0,97.0,1.9,1320.0,1254.0,12.0,20.0,23.1,67.0,5.9,3.1,0.2,72.0
South-West,2025,3590000,128.0,185.0,45.0,37.0,5000.0,107.0,2.1,1350.0,1350.0,10.0,20.2,23.5,68.0,6.0,3.2,0.2,73.0
South-West,2026,3660000,129.0,190.0,46.0,38.0,5120.0,117.0,2.2,1380.0,1449.0,8.0,20.4,23.9,69.0,6.1,3.3,0.2,74.0
South-West,2027,3730000,130.0,195.0,47.0,38.0,5240.0,128.0,2.3,1410.0,1551.0,6.0,20.6,24.3,70.0,6.2,3.4,0.2,75.0
South-West,2028,3800000,131.0,200.0,48.0,39.0,5360.0,139.0,2.5,1440.0,1656.0,5.0,20.8,24.7,71.0,6.3,3.5,0.2,76.0
South-West,2029,3870000,132.0,205.0,49.0,39.0,5480.0,151.0,2.6,1470.0,1764.0,4.0,21.0,25.1,72.0,6.4,3.6,0.2,77.0
South-West,2030,3940000,133.0,210.0,50.0,40.0,5600.0,163.0,2.8,1500.0,1875.0,3.0,21.2,25.5,73.0,6.5,3.7,0.2,78.0
South-East,1800,300000,15.0,15.5,1.5,1.0,180.0,1.0,0.2,60.0,3.6,92.0,16.66,3.5,20.0,0.5,0.06,0.02,44.95
South-East,1801,300000,15.0,15.5,1.5,1.0,180.0,1.0,0.2,60.0,3.6,92.0,16.64,3.5,20.0,0.5,0.06,0.02,44.94
South-East,1802,300000,15.0,15.5,1.5,1.0,180.0,1.0,0.2,60.0,3.6,92.0,16.62,3.5,20.0,0.5,0.06,0.02,44.94
South-East,1803,300000,15.0,15.5,1.5,1.0,180.0,1.0,0.2,60.0,3.6,92.0,16.6,3.5,20.0,0.5,0.06,0.02,44.94
South-East,1804,300000,15.0,15.5,1.5,1.0,180.0,1.0,0.2,60.0,3.6,92.0,16.58,3.5,20.0,0.5,0.06,0.02,44.93
South-East,1805,300000,15.0,15.5,1.5,1.0,180.0,1.0,0.2,60.0,3.6,92.0,16.56,3.5,20.0,0.5,0.06,0.02,44.93
South-East,1806,300000,15.0,15.5,1.5,1.0,180.0,1.0,0.2,60.0,3.6,92.0,16.54,3.5,20.0,0.5,0.06,0.02,44.92
South-East,1807,300000,15.0,15.5,1.5,1.0,180.0,1.0,0.2,60.0,3.6,92.0,16.52,3.5,20.0,0.5,0.06,0.02,44.92
South-East,1808,300000,15.0,15.5,1.5,1.0,180.0,1.0,0.2,60.0,3.6,92.0,16.5,3.5,20.0,0.5,0.06,0.02,44.92
South-East,1809,300000,15.0,15.5,1.5,1.0,180.0,1.0,0.2,60.0,3.6,92.0,16.48,3.5,20.0,0.5,0.06,0.02,44.91
South-East,1810,300000,15.0,15.5,1.5,1.0,180.0,1.0,0.2,60.0,3.6,92.0,16.46,3.5,20.0,0.5,0.06,0.02,44.91
South-East,1811,300000,15.0,15.5,1.5,1.0,180.0,1.0,0.2,60.0,3.6,92.0,16.44,3.5,20.0,0.5,0.06,0.02,44.91
South-East,1812,300000,15.0,15.5,1.5,1.0,180.0,1.0,0.2,60.0,3.6,92.0,16.42,3.5,20.0,0.5,0.06,0.02,44.9
South-East,1813,300000,15.0,15.5,1.5,1.0,180.0,1.0,0.2,60.0,3.6,92.0,16.4,3.5,20.0,0.5,0.06,0.02,44.9
South-East,1814,300000,15.0,15.5,1.5,1.0,180.0,1.0,0.2,60.0,3.6,92.0,16.38,3.5,20.0,0.5,0.06,0.02,44.9
South-East,1815,300000,15.0,15.5,1.5,1.0,180.0,1.0,0.2,60.0,3.6,92.0,16.35,3.5,20.0,0.5,0.06,0.02,44.89
South-East,1816,300000,15.0,15.5,1.5,1.0,180.0,1.0,0.2,60.0,3.6,92.0,16.33,3.5,20.0,0.5,0.06,0.02,44.89
South-East,1817,300000,15.0,15.5,1.5,1.0,180.0,1.0,0.2,60.0,3.6,92.0,16.31,3.5,20.0,0.5,0.06,0.02,44.88
South-East,1818,300000,15.0,15.5,1.5,1.0,180.0,1.0,0.2,60.0,3.6,92.0,16.29,3.5,20.0,0.5,0.06,0.02,44.88
South-East,1819,300000,15.0,15.5,1.5,1.0,180.0,1.0,0.2,60.0,3.6,92.0,16.27,3.5,20.0,0.5,0.06,0.02,44.88
South-East,1820,300000,15.0,15.5,1.5,1.0,180.0,1.0,0.2,60.0,3.6,92.0,16.25,3.5,20.0,0.5,0.06,0.02,44.87
South-East,1821,300000,15.0,15.5,1.5,1.0,180.0,1.0,0.2,60.0,3.6,92.0,16.23,3.5,20.0,0.5,0.06,0.02,44.87
South-East,1822,300000,15.0,15.5,1.5,1.0,180.0,1.0,0.2,60.0,3.6,92.0,16.21,3.5,20.0,0.5,0.06,0.02,44.87
South-East,1823,300000,15.0,15.5,1.5,1.0,180.0,1.0,0.2,60.0,3.6,92.0,16.19,3.5,20.0,0.5,0.06,0.02,44.86
South-East,1824,300000,15.0,15.5,1.5,1.0,180.0,1.0,0.2,60.0,3.6,92.0,16.17,3.5,20.0,0.5,0.06,0.02,44.86
South-East,1825,300000,15.0,15.5,1.5,1.0,180.0,1.0,0.2,60.0,3.6,92.0,16.15,3.5,20.0,0.5,0.06,0.02,44.86
South-East,1826,300000,15.0,15.5,1.5,1.0,180.0,1.0,0.2,60.0,3.6,92.0,16.13,3.5,20.0,0.5,0.06,0.02,44.85
South-East,1827,300000,15.0,15.5,1.5,1.0,180.0,1.0,0.2,60.0,3.6,92.0,16.11,3.5,20.0,0.5,0.06,0.02,44.85
South-East,1828,300000,15.0,15.5,1.5,1.0,180.0,1.0,0.2,60.0,3.6,92.0,16.09,3.5,20.0,0.5,0.06,0.02,44.85
South-East,1829,300000,15.0,15.5,1.5,1.0,180.0,1.0,0.2,60.0,3.6,92.0,16.07,3.5,20.0,0.5,0.06,0.02,44.84
South-East,1830,300000,15.0,15.5,1.5,1.0,180.0,1.0,0.2,60.0,3.6,92.0,16.05,3.5,20.0,0.5,0.06,0.02,44.84
South-East,1831,300000,15.0,15.5,1.5,1.0,180.0,1.0,0.2,60.0,3.6,92.0,16.03,3.5,20.0,0.5,0.06,0.02,44.83
South-East,1832,300000,15.0,15.5,1.5,1.0,180.0,1.0,0.2,60.0,3.6,92.0,16.01,3.5,20.0,0.5,0.06,0.02,44.83
South-East,1833,300000,15.0,15.5,1.5,1.0,180.0,1.0,0.2,60.0,3.6,92.0,15.99,3.5,20.0,0.5,0.06,0.02,44.83
South-East,1834,300000,15.0,15.5,1.5,1.0,180.0,1.0,0.2,60.0,3.6,92.0,15.97,3.5,20.0,0.5,0.06,0.02,44.82
South-East,1835,300000,15.0,15.5,1.5,1.0,180.0,1.0,0.2,60.0,3.6,92.0,15.95,3.5,20.0,0.5,0.06,0.02,44.82
South-East,1836,300000,15.0,15.5,1.5,1.0,180.0,1.0,0.2,60.0,3.6,92.0,15.93,3.5,20.0,0.5,0.06,0.02,44.82
South-East,1837,300000,15.0,15.5,1.5,1.0,180.0,1.0,0.2,60.0,3.6,92.0,15.91,3.5,20.0,0.5,0.06,0.02,44.81
South-East,1838,300000,15.0,15.5,1.5,1.0,180.0,1.0,0.2,60.0,3.6,92.0,15.89,3.5,20.0,0.5,0.06,0.02,44.81
South-East,1839,300000,15.0,15.5,1.5,1.0,180.0,1.0,0.2,60.0,3.6,92.0,15.87,3.5,20.0,0.5,0.06,0.02,44.81
South-East,1840,300000,15.0,15.5,1.5,1.0,180.0,1.0,0.2,60.0,3.6,92.0,15.85,3.5,20.0,0.5,0.06,0.02,44.8
South-East,1841,300000,15.0,15.5,1.5,1.0,180.0,1.0,0.2,60.0,3.6,92.0,15.83,3.5,20.0,0.5,0.06,0.02,44.8
South-East,1842,300000,15.0,15.5,1.5,1.0,180.0,1.0,0.2,60.0,3.6,92.0,15.81,3.5,20.0,0.5,0.06,0.02,44.79
South-East,1843,300000,15.0,15.5,1.5,1.0,180.0,1.0,0.2,60.0,3.6,92.0,15.79,3.5,20.0,0.5,0.06,0.02,44.79
South-East,1844,300000,15.0,15.5,1.5,1.0,180.0,1.0,0.2,60.0,3.6,92.0,15.77,3.5,20.0,0.5,0.06,0.02,44.79
South-East,1845,300000,15.0,15.5,1.5,1.0,180.0,1.0,0.2,60.0,3.6,92.0,15.75,3.5,20.0,0.5,0.06,0.02,44.78
South-East,1846,300000,15.0,15.5,1.5,1.0,180.0,1.0,0.2,60.0,3.6,92.0,15.73,3.5,20.0,0.5,0.06,0.02,44.78
South-East,1847,300000,15.0,15.5,1.5,1.0,180.0,1.0,0.2,60.0,3.6,92.0,15.71,3.5,20.0,0.5,0.06,0.02,44.78
South-East,1848,300000,15.0,15.5,1.5,1.0,180.0,1.0,0.2,60.0,3.6,92.0,15.69,3.5,20.0,0.5,0.06,0.02,44.77
South-East,1849,300000,15.0,15.5,1.5,1.0,180.0,1.0,0.2,60.0,3.6,92.0,15.67,3.5,20.0,0.5,0.06,0.02,44.77
South-East,1850,300000,15.0,15.5,1.5,1.0,180.0,1.0,0.2,60.0,3.6,92.0,15.65,3.5,20.0,0.5,0.06,0.02,44.77
South-East,1851,300000,15.0,15.5,1.5,1.0,180.0,1.0,0.2,60.0,3.6,92.0,15.63,3.5,20.0,0.5,0.06,0.02,44.76
South-East,1852,300000,15.0,15.5,1.5,1.0,180.0,1.0,0.2,60.0,3.6,92.0,15.61,3.5,20.0,0.5,0.06,0.02,44.76
South-East,1853,300000,15.0,15.5,1.5,1.0,180.0,1.0,0.2,60.0,3.6,92.0,15.59,3.5,20.0,0.5,0.06,0.02,44.75
South-East,1854,300000,15.0,15.5,1.5,1.0,180.0,1.0,0.2,60.0,3.6,92.0,15.57,3.5,20.0,0.5,0.06,0.02,44.75
South-East,1855,300000,15.0,15.5,1.5,1.0,180.0,1.0,0.2,60.0,3.6,92.0,15.55,3.5,20.0,0.5,0.06,0.02,44.75
South-East,1856,300000,15.0,15.5,1.5,1.0,180.0,1.0,0.2,60.0,3.6,92.0,15.53,3.5,20.0,0.5,0.06,0.02,44.74
South-East,1857,300000,15.0,15.5,1.5,1.0,180.0,1.0,0.2,60.0,3.6,92.0,15.51,3.5,20.0,0.5,0.06,0.02,44.74
South-East,1858,300000,15.0,15.5,1.5,1.0,180.0,1.0,0.2,60.0,3.6,92.0,15.49,3.5,20.0,0.5,0.06,0.02,44.74
South-East,1859,300000,15.0,15.5,1.5,1.0,180.0,1.0,0.2,60.0,3.6,92.0,15.47,3.5,20.0,0.5,0.06,0.02,44.73
South-East,1860,300000,15.0,15.5,1.5,1.0,180.0,1.0,0.2,60.0,3.6,92.0,15.45,3.5,20.0,0.5,0.06,0.02,44.73
South-East,1861,300000,15.0,15.5,1.5,1.0,180.0,1.0,0.2,60.0,3.6,92.0,15.43,3.5,20.0,0.5,0.06,0.02,44.73
South-East,1862,300000,15.0,15.5,1.5,1.0,180.0,1.0,0.2,60.0,3.6,92.0,15.41,3.5,20.0,0.5,0.06,0.02,44.72
South-East,1863,300000,15.0,15.5,1.5,1.0,180.0,1.0,0.2,60.0,3.6,92.0,15.39,3.5,20.0,0.5,0.06,0.02,44.72
South-East,1864,300000,15.0,15.5,1.5,1.0,180.0,1.0,0.2,60.0,3.6,92.0,15.37,3.5,20.0,0.5,0.06,0.02,44.72
South-East,1865,300000,15.0,15.5,1.5,1.0,180.0,1.0,0.2,60.0,3.6,92.0,15.35,3.5,20.0,0.5,0.06,0.02,44.71
South-East,1866,300000,15.0,15.5,1.5,1.0,180.0,1.0,0.2,60.0,3.6,92.0,15.33,3.5,20.0,0.5,0.06,0.02,44.71
South-East,1867,300000,15.0,15.5,1.5,1.0,180.0,1.0,0.2,60.0,3.6,92.0,15.31,3.5,20.0,0.5,0.06,0.02,44.7
South-East,1868,300000,15.0,15.5,1.5,1.0,180.0,1.0,0.2,60.0,3.6,92.0,15.29,3.5,20.0,0.5,0.06,0.02,44.7
South-East,1869,300000,15.0,15.5,1.5,1.0,180.0,1.0,0.2,60.0,3.6,92.0,15.27,3.5,20.0,0.5,0.06,0.02,44.7
South-East,1870,300000,15.0,15.5,1.5,1.0,180.0,1.0,0.2,60.0,3.6,92.0,15.25,3.5,20.0,0.5,0.06,0.02,44.69
South-East,1871,300000,15.0,15.5,1.5,1.0,180.0,1.0,0.2,60.0,3.6,92.0,15.23,3.5,20.0,0.5,0.06,0.02,44.69
South-East,1872,300000,15.0,15.5,1.5,1.0,180.0,1.0,0.2,60.0,3.6,92.0,15.21,3.5,20.0,0.5,0.06,0.02,44.69
South-East,1873,300000,15.0,15.5,1.5,1.0,180.0,1.0,0.2,60.0,3.6,92.0,15.19,3.5,20.0,0.5,0.06,0.02,44.68
South-East,1874,300000,15.0,15.5,1.5,1.0,180.0,1.0,0.2,60.0,3.6,92.0,15.17,3.5,20.0,0.5,0.06,0.02,44.68
South-East,1875,300000,15.0,15.5,1.5,1.0,180.0,1.0,0.2,60.0,3.6,92.0,15.15,3.5,20.0,0.5,0.06,0.02,44.68
South-East,1876,300000,15.0,15.5,1.5,1.0,180.0,1.0,0.2,60.0,3.6,92.0,15.13,3.5,20.0,0.5,0.06,0.02,44.67
South-East,1877,300000,15.0,15.5,1.5,1.0,180.0,1.0,0.2,60.0,3.6,92.0,15.11,3.5,20.0,0.5,0.06,0.02,44.67
South-East,1878,300000,15.0,15.5,1.5,1.0,180.0,1.0,0.2,60.0,3.6,92.0,15.09,3.5,20.0,0.5,0.06,0.02,44.66
South-East,1879,300000,15.0,15.5,1.5,1.0,180.0,1.0,0.2,60.0,3.6,92.0,15.07,3.5,20.0,0.5,0.06,0.02,44.66
South-East,1880,300000,15.0,15.5,1.5,1.0,180.0,1.0,0.2,60.0,3.6,92.0,15.05,3.5,20.0,0.5,0.06,0.02,44.66
South-East,1881,300000,15.0,15.5,1.5,1.0,180.0,1.0,0.2,60.0,3.6,92.0,15.03,3.5,20.0,0.5,0.06,0.02,44.65
South-East,1882,300000,15.0,15.5,1.5,1.0,180.0,1.0,0.2,60.0,3.6,92.0,15.01,3.5,20.0,0.5,0.06,0.02,44.65
South-East,1883,300000,15.0,15.5,1.5,1.0,180.0,1.0,0.2,60.0,3.6,92.0,14.99,3.5,20.0,0.5,0.06,0.02,44.65
South-East,1884,300000,15.0,15.5,1.5,1.0,180.0,1.0,0.2,60.0,3.6,92.0,14.97,3.5,20.0,0.5,0.06,0.02,44.64
South-East,1885,300000,15.0,15.5,1.5,1.0,180.0,1.0,0.2,60.0,3.6,92.0,14.95,3.5,20.0,0.5,0.06,0.02,44.64
South-East,1886,300000,15.0,15.5,1.5,1.0,180.0,1.0,0.2,60.0,3.6,92.0,14.93,3.5,20.0,0.5,0.06,0.02,44.64
South-East,1887,300000,15.0,15.5,1.5,1.0,180.0,1.0,0.2,60.0,3.6,92.0,14.91,3.5,20.0,0.5,0.06,0.02,44.63
South-East,1888,300000,15.0,15.5,1.5,1.0,180.0,1.0,0.2,60.0,3.6,92.0,14.89,3.5,20.0,0.5,0.06,0.02,44.63
South-East,1889,300000,15.0,15.5,1.5,1.0,180.0,1.0,0.2,60.0,3.6,92.0,14.87,3.5,20.0,0.5,0.06,0.02,44.62
South-East,1890,300000,15.0,15.5,1.5,1.0,180.0,1.0,0.2,60.0,3.6,92.0,14.85,3.5,20.0,0.5,0.06,0.02,44.62
South-East,1891,300000,15.0,15.5,1.5,1.0,180.0,1.0,0.2,60.0,3.6,92.0,14.83,3.5,20.0,0.5,0.06,0.02,44.62
South-East,1892,300000,15.0,15.5,1.5,1.0,180.0,1.0,0.2,60.0,3.6,92.0,14.81,3.5,20.0,0.5,0.06,0.02,44.61
South-East,1893,300000,15.0,15.5,1.5,1.0,180.0,1.0,0.2,60.0,3.6,92.0,14.79,3.5,20.0,0.5,0.06,0.02,44.61
South-East,1894,300000,15.0,15.5,1.5,1.0,180.0,1.0,0.2,60.0,3.6,92.0,14.77,3.5,20.0,0.5,0.06,0.02,44.61
South-East,1895,300000,15.0,15.5,1.5,1.0,180.0,1.0,0.2,60.0,3.6,92.0,14.75,3.5,20.0,0.5,0.06,0.02,44.6
South-East,1896,300000,15.0,15.5,1.5,1.0,180.0,1.0,0.2,60.0,3.6,92.0,14.73,3.5,20.0,0.5,0.06,0.02,44.6
South-East,1897,300000,15.0,15.5,1.5,1.0,180.0,1.0,0.2,60.0,3.6,92.0,14.71,3.5,20.0,0.5,0.06,0.02,44.6
South-East,1898,300000,15.0,15.5,1.5,1.0,180.0,1.0,0.2,60.0,3.6,92.0,14.69,3.5,20.0,0.5,0.06,0.024,44.59
South-East,1899,300000,15.0,15.5,1.5,1.0,180.0,1.0,0.2,60.0,3.6,92.0,14.67,3.5,20.0,0.5,0.06,0.028,44.59
South-East,1900,300000,15.0,15.5,1.5,1.0,180.0,1.0,0.2,60.0,3.6,92.0,14.65,3.5,20.0,0.5,0.06,0.033,44.58
South-East,1901,300000,15.0,15.5,1.5,1.0,180.0,1.0,0.2,60.0,3.6,92.0,14.63,3.5,20.0,0.5,0.06,0.037,44.58
South-East,1902,300000,15.0,15.5,1.5,1.0,180.0,1.0,0.2,60.0,3.6,92.0,14.61,3.5,20.0,0.5,0.06,0.041,44.58
South-East,1903,300000,15.0,15.5,1.5,1.0,180.0,1.0,0.2,60.0,3.6,92.0,14.59,3.5,20.0,0.5,0.06,0.045,44.57
South-East,1904,300000,15.0,15.5,1.5,1.0,180.0,1.0,0.2,60.0,3.6,92.0,14.57,3.5,20.0,0.5,0.06,0.05,44.57
South-East,1905,300000,15.0,15.5,1.5,1.0,180.0,1.0,0.2,60.0,3.6,92.0,14.55,3.5,20.0,0.5,0.06,0.054,44.57
South-East,1906,300000,15.0,15.5,1.5,1.0,180.0,1.0,0.2,60.0,3.6,92.0,14.53,3.5,20.0,0.5,0.06,0.058,44.56
South-East,1907,300000,15.0,15.5,1.5,1.0,180.0,1.0,0.2,60.0,3.6,92.0,14.51,3.5,20.0,0.5,0.06,0.062,44.56
South-East,1908,300000,15.0,15.5,1.5,1.0,180.0,1.0,0.2,60.0,3.6,92.0,14.49,3.5,20.0,0.5,0.06,0.067,44.56
South-East,1909,300000,15.0,15.5,1.5,1.0,180.0,1.0,0.2,60.0,3.6,92.0,14.47,3.5,20.0,0.5,0.06,0.071,44.55
South-East,1910,300000,15.0,15.5,1.5,1.0,180.0,1.0,0.2,60.0,3.6,92.0,14.45,3.5,20.0,0.5,0.06,0.075,44.55
South-East,1911,300000,15.0,15.5,1.5,1.0,180.0,1.0,0.2,60.0,3.6,92.0,14.43,3.5,20.0,0.5,0.06,0.079,44.55
South-East,1912,300000,15.0,15.5,1.5,1.0,180.0,1.0,0.2,60.0,3.6,92.0,14.41,3.5,20.0,0.5,0.06,0.084,44.54
South-East,1913,300000,15.0,15.5,1.5,1.0,180.0,1.0,0.2,60.0,3.6,92.0,14.39,3.5,20.0,0.5,0.06,0.088,44.54
South-East,1914,300000,15.0,15.5,1.5,1.0,180.0,1.0,0.2,60.0,3.6,92.0,14.37,3.5,20.0,0.5,0.06,0.092,44.53
South-East,1915,300000,15.0,15.5,1.5,1.0,180.0,1.0,0.2,60.0,3.6,92.0,14.35,3.5,20.0,0.5,0.06,0.096,44.53
South-East,1916,300000,15.0,15.5,1.5,1.0,180.0,1.0,0.2,60.0,3.6,92.0,14.33,3.5,20.0,0.5,0.06,0.101,44.53
South-East,1917,300000,15.0,15.5,1.5,1.0,180.0,1.0,0.2,60.0,3.6,92.0,14.31,3.5,20.0,0.5,0.06,0.105,44.52
South-East,1918,300000,15.0,15.5,1.5,1.0,180.0,1.0,0.2,60.0,3.6,92.0,14.29,3.5,20.0,0.5,0.06,0.109,44.52
South-East,1919,300000,15.0,15.5,1.5,1.0,180.0,1.0,0.2,60.0,3.6,92.0,14.27,3.5,20.0,0.5,0.06,0.114,44.52
South-East,1920,300000,15.0,15.5,1.5,1.0,180.0,1.0,0.2,60.0,3.6,92.0,14.25,3.5,20.0,0.5,0.06,0.118,44.51
South-East,1921,300000,15.0,15.5,1.5,1.0,180.0,1.0,0.2,60.0,3.6,92.0,14.22,3.5,20.0,0.5,0.06,0.122,44.51
South-East,1922,300000,15.0,15.5,1.5,1.0,180.0,1.0,0.2,60.0,3.6,92.0,14.2,3.5,20.0,0.5,0.06,0.125,44.51
South-East,1923,300000,15.0,15.5,1.5,1.0,180.0,1.0,0.2,60.0,3.6,92.0,14.18,3.5,20.0,0.5,0.06,0.125,44.5
South-East,1924,300000,15.0,15.5,1.5,1.0,180.0,1.0,0.2,60.0,3.6,92.0,14.16,3.5,20.0,0.5,0.06,0.125,44.5
South-East,1925,300000,15.0,15.5,1.5,1.0,180.0,1.0,0.2,60.0,3.6,92.0,14.14,3.5,20.0,0.5,0.06,0.125,44.49
South-East,1926,300000,15.0,15.5,1.5,1.0,180.0,1.0,0.2,60.0,3.6,92.0,14.12,3.5,20.0,0.5,0.06,0.125,44.49
South-East,1927,300000,15.0,15.5,1.5,1.0,180.0,1.0,0.2,60.0,3.6,92.0,14.1,3.5,20.0,0.5,0.06,0.125,44.49
South-East,1928,300000,15.0,15.5,1.5,1.0,180.0,1.0,0.2,60.0,3.6,92.0,14.08,3.5,20.0,0.5,0.06,0.125,44.48
South-East,1929,300000,15.0,15.5,1.5,1.0,180.0,1.0,0.2,60.0,3.6,92.0,14.06,3.5,20.0,0.5,0.06,0.125,44.48
South-East,1930,300000,15.0,15.5,1.5,1.0,180.0,1.0,0.2,60.0,3.6,92.0,14.04,3.5,20.0,0.5,0.06,0.125,44.48
South-East,1931,300000,15.0,15.5,1.5,1.0,180.0,1.0,0.2,60.0,3.6,92.0,14.02,3.5,20.0,0.5,0.06,0.125,44.47
South-East,1932,300000,15.0,15.5,1.5,1.0,180.0,1.0,0.2,60.0,3.6,92.0,14.0,3.5,20.0,0.5,0.06,0.125,44.47
South-East,1933,300000,15.0,15.5,1.5,1.0,180.0,1.0,0.2,60.0,3.6,92.0,13.98,3.5,20.0,0.5,0.06,0.125,44.47
South-East,1934,300000,15.0,15.5,1.5,1.0,180.0,1.0,0.2,60.0,3.6,92.0,13.96,3.5,20.0,0.5,0.06,0.125,44.46
South-East,1935,300000,15.0,15.5,1.5,1.0,180.0,1.0,0.2,60.0,3.6,92.0,13.94,3.5,20.0,0.5,0.06,0.125,44.46
South-East,1936,300000,15.0,15.5,1.5,1.0,180.0,1.0,0.2,60.0,3.6,92.0,13.92,3.5,20.0,0.5,0.06,0.125,44.45
South-East,1937,300000,15.0,15.5,1.5,1.0,180.0,1.0,0.2,60.0,3.6,92.0,13.9,3.5,20.0,0.5,0.06,0.125,44.45
South-East,1938,300000,15.0,15.5,1.5,1.0,180.0,1.0,0.2,60.0,3.6,92.0,13.88,3.5,20.0,0.5,0.06,0.125,44.45
South-East,1939,300000,16.0,16.5,1.5,1.0,180.0,1.0,0.2,60.0,3.6,92.0,13.86,3.5,20.0,0.5,0.06,0.125,44.44
South-East,1940,300000,17.0,17.5,1.5,1.0,180.0,1.0,0.2,60.0,3.6,92.0,13.84,3.5,20.0,0.5,0.06,0.125,44.44
South-East,1941,300000,18.0,18.5,1.5,1.0,180.0,1.0,0.2,60.0,3.6,92.0,13.82,3.5,20.0,0.5,0.06,0.125,44.44
South-East,1942,300000,19.0,19.6,1.5,1.0,180.0,1.0,0.2,60.0,3.6,92.0,13.8,3.5,20.0,0.5,0.06,0.125,44.43
South-East,1943,300000,20.0,20.6,1.5,1.0,180.0,1.0,0.2,60.0,3.6,92.0,13.78,3.5,20.0,0.5,0.06,0.125,44.43
South-East,1944,300000,21.0,21.6,1.5,1.0,180.0,1.0,0.2,60.0,3.6,92.0,13.76,3.5,20.0,0.5,0.06,0.125,44.43
South-East,1945,300000,22.0,22.7,1.5,1.0,180.0,1.0,0.2,60.0,3.6,92.0,13.74,3.5,20.0,0.5,0.06,0.125,44.42
South-East,1946,300000,23.0,23.7,1.5,1.0,180.0,1.0,0.2,60.0,3.6,92.0,13.72,3.5,20.0,0.5,0.06,0.125,44.42
South-East,1947,300000,24.0,24.7,1.5,1.0,180.0,1.0,0.2,60.0,3.6,92.0,13.7,3.5,20.0,0.5,0.06,0.125,44.41
South-East,1948,300000,25.0,25.8,1.5,1.0,180.0,1.0,0.2,60.0,3.6,92.0,13.68,3.5,20.0,0.5,0.06,0.125,44.41
South-East,1949,300000,26.0,26.8,1.5,1.0,180.0,1.0,0.2,60.0,3.6,92.0,13.66,3.5,20.0,0.5,0.06,0.125,44.41
South-East,1950,300000,27.0,27.8,1.5,1.0,180.0,1.0,0.2,60.0,3.6,92.0,13.64,3.5,20.0,0.5,0.06,0.125,44.4
South-East,1951,300000,28.0,28.8,1.5,1.0,180.0,1.0,0.2,60.0,3.6,92.0,13.62,3.5,20.0,0.5,0.06,0.125,44.4
South-East,1952,300000,29.0,29.9,1.5,1.0,180.0,1.0,0.2,60.0,3.6,92.0,13.6,3.5,20.0,0.5,0.06,0.125,44.4
South-East,1953,300000,30.0,30.9,1.5,1.0,180.0,1.0,0.2,60.0,3.6,92.0,13.58,3.5,20.0,0.5,0.06,0.125,44.39
South-East,1954,300000,31.0,31.9,1.5,1.0,180.0,1.0,0.2,60.0,3.6,92.0,13.56,3.5,20.0,0.5,0.06,0.125,44.39
South-East,1955,300000,32.0,33.0,1.5,1.0,180.0,1.0,0.2,60.0,3.6,92.0,13.54,3.5,20.0,0.5,0.06,0.125,44.39
South-East,1956,300000,33.0,34.0,1.5,1.0,180.0,1.0,0.2,60.0,3.6,92.0,13.52,3.5,20.0,0.5,0.06,0.125,44.38
South-East,1957,300000,34.0,35.0,1.5,1.0,180.0,1.0,0.2,60.0,3.6,92.0,13.5,3.5,20.0,0.5,0.06,0.125,44.38
South-East,1958,300000,35.0,36.1,1.5,1.0,180.0,1.0,0.2,60.0,3.6,92.0,13.48,3.5,20.0,0.5,0.06,0.125,44.38
South-East,1959,300000,36.0,37.1,1.5,1.0,180.0,1.0,0.2,60.0,3.6,92.0,13.46,3.5,20.0,0.5,0.06,0.125,44.37
South-East,1960,350000,37.0,38.1,2.0,1.0,250.0,1.0,0.2,80.0,6.4,90.0,12.36,4.0,24.0,0.6,0.08,0.144,44.72
South-East,1961,350000,38.0,39.1,2.0,1.0,250.0,1.0,0.2,80.0,6.4,90.0,12.36,4.0,24.0,0.6,0.08,0.144,44.72
South-East,1962,350000,39.0,40.2,2.0,1.0,250.0,1.0,0.2,80.0,6.4,90.0,12.36,4.0,24.0,0.6,0.08,0.144,44.72
South-East,1963,350000,40.0,41.2,2.0,1.0,250.0,1.0,0.2,80.0,6.4,90.0,12.36,4.0,24.0,0.6,0.08,0.144,44.72
South-East,1964,350000,41.0,42.2,2.0,1.0,250.0,1.0,0.2,80.0,6.4,90.0,12.36,4.0,24.0,0.6,0.08,0.144,44.72
South-East,1965,350000,42.0,43.3,2.0,1.0,250.0,1.0,0.2,80.0,6.4,90.0,12.36,4.0,24.0,0.6,0.08,0.144,44.72
South-East,1966,350000,43.0,44.3,2.0,1.0,250.0,1.0,0.2,80.0,6.4,90.0,12.36,4.0,24.0,0.6,0.08,0.144,44.72
South-East,1967,350000,44.0,45.3,2.0,1.0,250.0,1.0,0.2,80.0,6.4,90.0,12.36,4.0,24.0,0.6,0.08,0.144,44.72
South-East,1968,350000,45.0,46.3,2.0,1.0,250.0,1.0,0.2,80.0,6.4,90.0,12.36,4.0,24.0,0.6,0.08,0.144,44.72
South-East,1969,350000,46.0,47.4,2.0,1.0,250.0,1.0,0.2,80.0,6.4,90.0,12.36,4.0,24.0,0.6,0.08,0.144,44.72
South-East,1970,350000,47.0,48.4,3.0,1.2,250.0,1.0,0.2,80.0,6.4,90.0,12.36,4.0,25.0,0.6,0.08,0.144,44.72
South-East,1971,350000,48.0,49.4,4.0,1.7,250.0,1.0,0.2,80.0,6.4,90.0,12.36,4.0,26.0,0.6,0.08,0.144,44.72
South-East,1972,350000,49.0,50.5,5.0,2.2,250.0,1.0,0.2,80.0,6.4,90.0,12.36,4.0,27.0,0.696,0.08,0.167,44.56
South-East,1973,350000,50.0,51.5,6.0,2.8,250.0,1.0,0.2,80.0,6.4,90.0,12.36,4.0,28.0,0.847,0.08,0.203,44.33
South-East,1974,350000,51.0,52.5,7.0,3.3,250.0,1.0,0.2,80.0,6.4,90.0,12.36,4.0,29.0,0.989,0.08,0.237,44.1
South-East,1975,350000,52.0,53.6,8.0,3.8,250.0,1.0,0.2,80.0,6.4,90.0,12.36,4.0,30.0,1.08,0.08,0.259,43.96
South-East,1976,350000,53.0,54.6,9.0,4.3,250.0,1.0,0.2,80.0,6.4,90.0,12.36,4.0,31.0,1.24,0.08,0.298,43.71
South-East,1977,350000,54.0,55.6,10.0,4.8,250.0,1.0,0.2,80.0,6.4,90.0,12.36,4.0,32.0,1.336,0.08,0.321,43.56
South-East,1978,350000,55.0,56.6,11.0,5.3,250.0,1.0,0.2,80.0,6.4,90.0,12.36,4.0,33.0,1.371,0.08,0.329,43.5
South-East,1979,350000,56.0,57.7,12.0,5.8,250.0,1.0,0.2,80.0,6.4,90.0,12.36,4.0,34.0,1.55,0.08,0.372,43.22
South-East,1980,350000,57.0,58.7,13.0,6.3,250.0,1.0,0.2,80.0,6.4,90.0,12.36,4.0,35.0,1.636,0.08,0.393,43.08
South-East,1981,350000,58.0,59.7,14.0,6.8,250.0,1.0,0.2,80.0,6.4,90.0,12.36,4.0,36.0,1.682,0.08,0.404,43.01
South-East,1982,410000,59.0,60.8,15.0,7.3,250.0,1.0,0.2,80.0,6.4,90.0,12.36,4.0,37.0,1.767,0.08,0.424,42.88
South-East,1983,480000,60.0,61.8,16.0,7.8,250.0,1.0,0.2,80.0,6.4,90.0,12.36,4.0,38.0,1.846,0.08,0.443,42.75
South-East,1984,550000,61.0,62.8,17.0,8.3,250.0,1.0,0.2,90.0,7.2,90.0,12.36,4.0,39.0,1.993,0.08,0.478,42.52
South-East,1985,620000,62.0,63.9,18.0,8.8,250.0,1.0,0.2,120.0,9.6,90.0,12.36,4.15,40.0,2.081,0.08,0.5,42.47
South-East,1986,690000,63.0,64.9,19.0,9.3,250.0,1.0,0.2,150.0,12.0,90.0,12.36,4.48,41.0,2.134,0.08,0.512,42.59
South-East,1987,760000,64.0,65.9,20.0,9.8,250.0,1.0,0.2,180.0,14.4,90.0,12.36,4.81,42.0,2.227,0.08,0.534,42.64
South-East,1988,830000,65.0,66.9,21.0,10.3,250.0,1.0,0.2,210.0,16.8,90.0,12.36,5.14,43.0,2.334,0.08,0.56,42.67
South-East,1989,900000,66.0,68.0,22.0,10.8,280.0,1.0,0.2,240.0,19.2,90.0,12.36,5.47,44.0,2.423,0.08,0.582,42.72
South-East,1990,970000,67.0,69.0,23.0,11.4,400.0,1.0,0.2,270.0,21.6,90.0,12.36,5.79,45.0,2.524,0.08,0.606,42.76
South-East,1991,1040000,68.0,70.0,24.0,11.9,520.0,1.0,0.2,300.0,24.0,90.0,12.44,6.17,46.0,2.569,0.08,0.616,42.93
South-East,1992,1110000,69.0,71.1,25.0,12.4,640.0,1.0,0.2,330.0,26.4,90.0,12.4,6.47,47.0,2.644,0.08,0.635,42.99
South-East,1993,1180000,70.0,72.1,26.0,12.9,760.0,1.0,0.2,360.0,28.8,90.0,12.65,6.97,48.0,2.721,0.08,0.653,43.21
South-East,1994,1250000,71.0,73.1,27.0,13.4,880.0,1.0,0.2,390.0,31.2,90.0,12.88,7.47,49.0,2.844,0.08,0.683,43.36
South-East,1995,1320000,72.0,74.2,28.0,13.9,1000.0,1.0,0.2,420.0,33.6,90.0,12.67,7.67,50.0,3.029,0.098,0.727,43.15
South-East,1996,1390000,73.0,75.2,29.0,14.4,1120.0,1.0,0.2,450.0,36.0,90.0,12.43,7.82,51.0,3.228,0.201,0.775,42.88
South-East,1997,1460000,74.0,76.2,30.0,14.9,1240.0,1.0,0.2,480.0,38.4,90.0,12.35,8.08,52.0,3.327,0.301,0.774,42.87
South-East,1998,1530000,75.0,77.2,31.0,15.4,1360.0,1.0,0.2,510.0,40.8,90.0,12.5,8.54,53.0,3.375,0.395,0.749,43.09
South-East,1999,1600000,76.0,78.3,32.0,15.9,1480.0,1.0,0.2,540.0,43.2,90.0,12.52,8.88,54.0,3.365,0.479,0.716,43.32
South-East,2000,1670000,77.0,79.3,33.0,16.4,1600.0,1.0,0.2,570.0,45.6,90.0,12.18,8.91,55.0,3.495,0.579,0.706,43.07
South-East,2001,1740000,78.0,80.3,34.0,16.9,1720.0,1.0,0.2,600.0,48.0,90.0,12.07,9.13,56.0,3.62,0.679,0.694,42.99
South-East,2002,1810000,79.0,81.4,35.0,17.4,1840.0,1.0,0.2,630.0,50.4,90.0,11.96,9.34,57.0,3.675,0.768,0.673,43.01
South-East,2003,1880000,80.0,82.4,36.0,17.9,1960.0,1.0,0.2,660.0,52.8,90.0,11.93,9.63,58.0,3.915,0.891,0.676,42.79
South-East,2004,1950000,81.0,83.4,37.0,18.4,2080.0,1.0,0.2,690.0,55.2,90.0,11.84,9.85,59.0,4.14,1.016,0.676,42.55
South-East,2005,2020000,82.0,84.5,38.0,18.9,2200.0,1.0,0.2,720.0,57.6,90.0,11.6,9.91,60.0,4.256,1.119,0.661,42.37
South-East,2006,2090000,83.0,85.5,39.0,19.4,2320.0,1.0,0.2,750.0,60.0,90.0,11.59,10.2,61.0,4.283,1.201,0.637,42.5
South-East,2007,2160000,84.0,86.5,40.0,20.0,2440.0,1.0,0.2,780.0,62.4,90.0,11.71,10.64,62.0,4.53,1.337,0.636,42.4
South-East,2008,2230000,85.0,90.0,41.0,20.5,2560.0,1.0,0.2,810.0,64.8,90.0,11.68,10.91,63.0,4.759,1.473,0.633,41.53
South-East,2009,2300000,86.0,94.0,42.0,21.0,2680.0,1.0,0.2,840.0,67.2,90.0,11.61,11.13,64.0,4.623,1.506,0.593,41.13
South-East,2010,2370000,87.0,98.0,43.0,21.5,2800.0,1.0,0.2,870.0,130.9,84.96,11.29,11.04,65.0,4.769,1.618,0.581,41.51
South-East,2011,2440000,88.0,102.0,44.0,22.0,2920.0,1.0,0.2,900.0,198.3,77.97,11.14,11.14,66.0,4.756,1.682,0.555,42.34
South-East,2012,2510000,89.0,106.0,45.0,22.5,3040.0,1.0,0.22,930.0,270.8,70.88,11.19,11.5,67.0,4.889,1.789,0.543,43.21
South-East,2013,2580000,90.0,110.0,46.0,23.0,3160.0,2.9,0.28,960.0,318.9,66.78,10.74,11.19,68.0,4.991,1.887,0.527,43.11
South-East,2014,2650000,91.0,114.0,47.0,23.5,3280.0,5.5,0.33,990.0,361.6,63.47,10.34,10.93,69.0,5.118,1.994,0.514,42.89
South-East,2015,2720000,92.0,118.0,48.0,24.0,3400.0,15.0,0.5,1020.0,510.0,50.0,11.5,12.8,70.0,4.9,2.1,0.5,55.0
South-East,2016,2790000,93.0,122.0,49.0,25.0,3520.0,18.0,0.6,1050.0,567.0,46.0,11.5,13.1,71.0,5.0,2.2,0.5,56.0
South-East,2017,2860000,94.0,126.0,50.0,25.0,3640.0,21.0,0.6,1080.0,626.0,42.0,11.5,13.4,72.0,5.1,2.3,0.5,57.0
South-East,2018,2930000,95.0,130.0,51.0,26.0,3760.0,25.0,0.7,1110.0,687.0,38.0,11.5,13.7,73.0,5.2,2.4,0.4,58.0
South-East,2019,3000000,96.0,134.0,52.0,26.0,3880.0,29.0,0.8,1140.0,750.0,34.0,11.5,14.0,74.0,5.3,2.5,0.4,59.0
South-East,2020,3070000,97.0,138.0,53.0,27.0,4000.0,33.0,0.9,1170.0,816.0,30.0,11.5,14.3,75.0,5.4,2.6,0.4,60.0
South-East,2021,3140000,98.0,142.0,54.0,27.0,4120.0,38.0,0.9,1200.0,885.0,26.0,11.5,14.6,76.0,5.5,2.7,0.4,61.0
South-East,2022,3210000,99.0,146.0,55.0,28.0,4240.0,43.0,1.0,1230.0,957.0,22.0,11.5,14.9,77.0,5.6,2.8,0.4,62.0
South-East,2023,3280000,100.0,150.0,56.0,28.0,4360.0,48.0,1.1,1260.0,1032.0,18.0,11.5,15.2,78.0,5.7,2.9,0.3,63.0
South-East,2024,3350000,101.0,154.0,57.0,29.0,4480.0,54.0,1.2,1290.0,1109.0,15.0,11.5,15.5,79.0,5.8,3.0,0.3,64.0
South-East,2025,3420000,102.0,158.0,58.0,29.0,4600.0,60.0,1.3,1320.0,1189.0,12.0,11.5,15.8,80.0,5.9,3.1,0.3,65.0
South-East,2026,3490000,103.0,162.0,59.0,30.0,4720.0,66.0,1.4,1350.0,1272.0,10.0,11.5,16.1,81.0,6.0,3.2,0.3,66.0
South-East,2027,3560000,104.0,166.0,60.0,30.0,4840.0,73.0,1.5,1380.0,1358.0,8.0,11.5,16.4,82.0,6.1,3.3,0.3,67.0
South-East,2028,3630000,105.0,170.0,61.0,31.0,4960.0,80.0,1.6,1410.0,1447.0,6.0,11.5,16.7,83.0,6.2,3.4,0.3,68.0
South-East,2029,3700000,106.0,174.0,62.0,31.0,5080.0,88.0,1.7,1440.0,1539.0,5.0,11.5,17.0,84.0,6.3,3.5,0.3,69.0
South-East,2030,3770000,107.0,178.0,63.0,32.0,5200.0,96.0,1.9,1470.0,1634.0,3.0,11.5,17.3,85.0,6.4,3.6,0.3,70.0
